,ack,acn,ada,adh,ald,atp-synth,biomass,csn,cytbd,eda,edd,ex-P,ex-ace,ex-co2,ex-etoh,ex-for,ex-h2o,ex-lac,ex-o2,ex-suc,fbp,frd,fum,gap,gdh,glh,gln,glt,icd,icl,kgd,ldh,mas,mdh,me,nad-thd,nadh-dh,pdh,pfk,pfl,pgd,pgh,pgi,pgk,pgm,ppc,ppck,pta,pts,pyk,rpe,rpi,scs,sdh,tal,tim,tkt1,tkt2,zwf
195,-0.273535530009628,0.1371675192255511,0.0,0.0,-0.0904406920157519,1.0,0.0044417136130987,0.1371675192255511,0.7538624401301308,0.0,0.0,0.0054188906079805,-0.273535530009628,0.3865031128968515,0.0,0.0,0.2873196479163556,0.0,0.3769312200606237,0.0,0.0904406920157519,0.0,0.1321483828427495,-0.0955486626708155,0.0318470866059182,0.2627051516467277,0.0123035467082836,0.0,0.0050191363828016,0.1321483828427495,0.0,0.0,0.1321483828427495,0.0,0.2642967656943825,0.7027827335794947,0.6217140572784977,0.0,0.0,0.0,0.2627051516467277,-0.0955486626708155,-0.2629272373273826,-0.0955486626708155,-0.0955486626708155,0.1455179408181769,0.0,-0.273535530009628,0.0,-0.2503942020853834,0.1724865453116306,0.090218606335097,0.0,0.1321483828427495,0.0871538239420588,-0.0904406920157519,0.0871538239420588,0.0853327213606883,0.2627051516467277
196,-0.299054679658167,0.2432581177751434,0.0,0.0,-0.0055845122843689,1.0,0.0048560976394473,0.2432581177751434,0.8241930784425539,0.0,0.0,0.0059244391205239,-0.299054679658167,0.4225614296353809,0.0,0.0,0.3141247693359699,0.0,0.4120965392192859,0.0,0.0055845122843689,0.0,0.2377707274439616,-0.0111690245727198,0.0348182200782219,0.0073327074377555,0.0134513904606717,0.0,0.0054873903311817,0.2377707274439616,0.0,0.0,0.2377707274439616,0.0,0.4755414548879232,0.3951730389441196,0.5864223509985921,0.1865874583174175,0.0,0.0,0.0073327074377555,-0.0111690245727198,-0.0075755123167414,-0.0111690245727198,-0.0111690245727198,0.2523875813388972,0.0,-0.299054679658167,0.0,-0.2737544109564473,0.0019910000323725,0.005341707405383,0.0,0.2377707274439616,0.0019910000323725,-0.0055845122843689,0.0019910000323725,0.0,0.0073327074377555
197,-0.299787430833774,0.2463043795740903,0.0,0.0,-0.0031479708570923,1.0,0.0048679961705104,0.2463043795740903,0.8262125367127762,0.0,0.0,0.0059389553280227,-0.299787430833774,0.4235968001040816,0.0,0.0,0.3148944456165828,0.0,0.4131062683566315,0.0,0.0031479708570923,0.0,0.2408035439014134,-0.0087461664531794,0.03490353254256,0.0,0.0134843493923139,0.0,0.0055008356726768,0.2408035439014134,0.0,0.0,0.2408035439014134,0.0,0.4816070878023401,0.3863404027454503,0.5854089928118495,0.1919450890032278,0.0,0.0,0.0,-0.0087461664531794,-0.0002433998085255,-0.0087461664531794,-0.0087461664531794,0.2554562123746499,0.0,-0.299787430833774,0.0,-0.2744251707854145,-0.0029045710485668,0.0029045710485668,0.0,0.2408035439014134,-0.0004543463090853,-0.0031479708570923,-0.0004543463090853,-0.0024502247389946,0.0
198,-0.3312873939890653,0.2609213131730941,0.0,0.0,-0.0041416928638,1.0,0.0064046796859585,0.2609213131730941,0.8344870652156156,0.0,0.0,0.0078137092168694,-0.3312873939890653,0.4310456173313687,0.0,0.0,0.2880291199439138,0.0,0.4172435326081279,0.0,0.0041416928638,0.0,0.2536840251279609,-0.0115070745026523,0.0459215533483229,0.0,0.0177409627301052,0.0,0.196639678058143,0.064281635114951,0.1894023900130099,0.0,0.064281635114951,0.0,0.3179656602422714,0.3820284688010721,0.580803040088295,0.0,0.0,0.0,0.0,-0.0115070745026523,-0.0003202339842979,-0.0115070745026523,-0.0115070745026523,0.2729621109826962,0.0,-0.3312873939890653,0.0,-0.2979190128252211,-0.0038214588795021,0.0038214588795021,0.1894023900130099,0.2536840251279609,-0.0005977701038093,-0.0041416928638,-0.0005977701038093,-0.0032236887750523,0.0
199,-0.3291850725952749,0.2564163460476347,0.0,0.0,-0.0072832058752139,1.0,0.006333222501315,0.2564163460476347,0.8315521145083548,0.0,0.0,0.0077265314521236,-0.3291850725952749,0.4294241517433428,0.0,0.0,0.2880032932752156,0.0,0.4157760572541774,0.0,0.0072832058752139,0.0,0.2492598046229664,-0.0145664117556212,0.0454092053388431,0.009563165979842,0.0175430263278637,0.0,0.1896641808749456,0.0667521651726891,0.1825076394502772,0.0,0.0667521651726891,0.0,0.3160119697904623,0.3937047768348872,0.5822923098853883,0.0,0.0,0.0,0.009563165979842,-0.0145664117556212,-0.0098798271010128,-0.0145664117556212,-0.0145664117556212,0.2683228043521843,0.0,-0.3291850725952749,0.0,-0.2961889833579706,0.0025966212257988,0.0069665447540431,0.1825076394502772,0.2492598046229664,0.0025966212257988,-0.0072832058752139,0.0025966212257988,0.0,0.009563165979842
200,-0.2996512853777049,0.2457383829386419,0.0,0.0,-0.0036006812087913,1.0,0.0048657854196421,0.2457383829386419,0.8258373205732319,0.0,0.0,0.0059362582121814,-0.2996512853777049,0.4234044278650456,0.0,0.0,0.3147514394618201,0.0,0.4129186602866159,0.0,0.0036006812087913,0.0,0.2402400454149367,-0.0091963344416523,0.0348876814544202,0.0013624199172818,0.0134782256090845,0.0,0.0054983375237051,0.2402400454149367,0.0,0.0,0.2402400454149367,0.0,0.4804800908271486,0.3879815100157182,0.58559727516102,0.1909496391199015,0.0,0.0,0.0013624199172818,-0.0091963344416523,-0.0016057091874464,-0.0091963344416523,-0.0091963344416523,0.2548860595257163,0.0,-0.2996512853777049,0.0,-0.2743005433469823,-0.0019949720213448,0.0033573919386266,0.0,0.2402400454149367,0.0,-0.0036006812087913,0.0,-0.0019949720213448,0.0013624199172818
201,-0.3308939841804943,0.2600782935188788,0.0,0.0,-0.0047295677862674,1.0,0.0063913078223757,0.2600782935188788,0.8339378445301581,0.0,0.0,0.0077973955435847,-0.3308939841804943,0.4307421906211177,0.0,0.0,0.288024286970302,0.0,0.416968922265079,0.0,0.0047295677862674,0.0,0.2528561156838176,-0.0120795717823574,0.0458256770806359,0.0017895661899788,0.0177039226636142,0.0,0.1953343452895941,0.0647439482292847,0.1881121674509538,0.0,0.0647439482292847,0.0,0.3176000639131023,0.3842134696816668,0.5810817288463404,0.0,0.0,0.0,0.0017895661899788,-0.0120795717823574,-0.0021091315800239,-0.0120795717823574,-0.0120795717823574,0.2720939522260906,0.0,-0.3308939841804943,0.0,-0.2975952704332896,-0.0026204362062434,0.0044100023962223,0.1881121674509538,0.2528561156838176,0.0,-0.0047295677862674,0.0,-0.0026204362062434,0.0017895661899788
202,-0.2993526852631829,0.2444970145752878,0.0,0.0,-0.0045935851842989,1.0,0.0048609367020128,0.2444970145752878,0.8250143802694749,0.0,0.0,0.0059303427768542,-0.2993526852631829,0.4229825087296678,0.0,0.0,0.3144377921631579,0.0,0.4125071901357339,0.0,0.0045935851842989,0.0,0.2390041561014154,-0.0101836623926102,0.0348529161568202,0.0043505383482018,0.0134647946659706,0.0,0.0054928584738724,0.2390041561014154,0.0,0.0,0.2390041561014154,0.0,0.4780083122008379,0.391580857631476,0.5860102241700524,0.188766375279436,0.0,0.0,0.0043505383482018,-0.0101836623926102,-0.0045935851842989,-0.0101836623926102,-0.0101836623926102,0.2536355755746734,0.0,-0.2993526852631829,0.0,-0.2740272050415107,0.0,0.0043505383482018,0.0,0.2390041561014154,0.0009964920240122,-0.0045935851842989,0.0009964920240122,-0.0009964920240122,0.0043505383482018
203,-0.3300356279423418,0.2582389616996496,0.0,0.0,-0.006012215295132,1.0,0.0063621325861992,0.2582389616996496,0.8327395342908244,0.0,0.0,0.0077618017556847,-0.3300356279423418,0.4300801628688019,0.0,0.0,0.2880137422051487,0.0,0.4163697671467165,0.0,0.006012215295132,0.0,0.251049751876462,-0.0133286677705653,0.0456164906474827,0.0056941086645178,0.0176231072655977,0.0,0.1924863214151509,0.0657526402844987,0.1852971115919633,0.0,0.0657526402844987,0.0,0.3168023921609607,0.3889807863603899,0.5816897824143624,0.0,0.0,0.0,0.0056941086645178,-0.0133286677705653,-0.006012215295132,-0.0133286677705653,-0.0133286677705653,0.2701997709637909,0.0,-0.3300356279423418,0.0,-0.2968889171653747,0.0,0.0056941086645178,0.1852971115919633,0.251049751876462,0.0013042371803012,-0.006012215295132,0.0013042371803012,-0.0013042371803012,0.0056941086645178
204,-0.3348565539585333,0.2380386127933544,0.0,0.0,-0.0265572665879574,1.0,0.0067950362260368,0.2380386127933544,0.8188584905438577,0.0,0.0,0.0082899441957649,-0.3348565539585333,0.4240725483322433,0.0,0.0,0.2723393894048397,0.0,0.4094292452651338,0.0,0.0265572665879574,0.0,0.2303602218579327,-0.0343715582478999,0.0487204097406844,0.0664894294717708,0.0188222503461221,0.0,0.0076783909354216,0.2303602218579327,0.0,0.0,0.2303602218579327,0.4607204437158655,0.0,0.0,0.5884982686859249,0.1399975651074889,0.0,0.0,0.0664894294717708,-0.0343715582478999,-0.0668291812830727,-0.0343715582478999,-0.0343715582478999,0.0,0.2099071628175617,-0.3348565539585333,0.0,0.1612660284949844,0.0402719146951152,0.0262175147766556,0.0,0.2303602218579327,0.0215289397806902,-0.0265572665879574,0.0215289397806902,0.018742974928015,0.0664894294717708
205,-0.3118710066646981,0.2488551292960233,0.0,0.0,-0.0970740669659969,1.0,0.0054844105624154,0.2488551292960233,0.8273233334224486,0.0907669948158462,0.0907669948158462,0.0066909808865966,-0.3118710066646981,0.425480571476715,0.0,0.0,0.393780678421906,0.0,0.4136616667112243,0.0,0.0970740669659969,0.0,0.2426577453575706,-0.1033811391116504,0.0393232237363415,0.099048454767567,0.0151918172572162,0.0,0.0061973839339554,0.2426577453575706,0.0,0.0,0.2426577453575706,0.4853154907151413,0.0,0.0,0.5846655880648779,0.1848520580265635,0.0,0.0,0.0082814599517208,-0.1033811391116504,-0.0993226752968121,-0.1033811391116504,-0.1033811391116504,0.0,0.2261496695644752,-0.3118710066646981,0.0,0.1112512682695036,0.0022486083308152,0.0060328516209056,0.0,0.2426577453575706,0.0022486083308152,-0.0970740669659969,0.0022486083308152,0.0,0.099048454767567
206,-0.344707718502627,0.2631952326905805,0.0,0.0,-0.0081583427900298,1.0,0.0070942111230297,0.2631952326905805,0.8353433598225547,0.0,0.0,0.0086549375706779,-0.344707718502627,0.4329597048800975,0.0,0.0,0.274545970487428,0.0,0.4176716799112773,0.0,0.0081583427900298,0.0,0.2551787741235929,-0.0163166855858769,0.0508654937570678,0.0107122587989743,0.0196509648099197,0.0,0.0080164585669875,0.2551787741235929,0.0,0.0,0.2551787741235929,0.5103575482413686,0.0,-0.1174091940963221,0.5801645856989618,0.1804057888769702,0.0,0.0,0.0107122587989743,-0.0163166855858769,-0.0110669693507629,-0.0163166855858769,-0.0163166855858769,0.0,0.2338251986371653,-0.344707718502627,0.0,0.2026106696958345,0.002908626560733,0.0078036322382413,0.0,0.2551787741235929,0.002908626560733,-0.0081583427900298,0.002908626560733,0.0,0.0107122587989743
207,-0.3695982040800754,0.2740651437377301,0.0,0.0,-0.0095616204841378,1.0,0.0083144525963846,0.2740651437377301,0.8414226028359382,0.0,0.0,0.010143632168271,-0.3695982040800754,0.4386289467684617,0.0,0.0,0.2529672202731258,0.0,0.4207113014179691,0.0,0.0095616204841378,0.0,0.2646698122993839,-0.0191232409750935,0.0596146251218729,0.0125548234242906,0.0230310336909627,0.0,0.146999521920443,0.1270656218172871,0.1376041904820967,0.0,0.1270656218172871,0.3917354341166711,0.0,0.0,0.5767527905365543,0.0394312914398028,0.0,0.0,0.0125548234242906,-0.0191232409750935,-0.0129705460489964,-0.0191232409750935,-0.0191232409750935,0.0,0.1020391195018285,-0.3695982040800754,0.0,0.0654555280709183,0.0034089255648585,0.009145897859432,0.1376041904820967,0.2646698122993839,0.0034089255648585,-0.0095616204841378,0.0034089255648585,0.0,0.0125548234242906
208,-0.344707718502627,0.2631952326905805,0.0,0.0,-0.0081583427900298,1.0,0.0070942111230297,0.2631952326905805,0.8353433598225547,0.0,0.0,0.0086549375706779,-0.344707718502627,0.4329597048800975,0.0,0.0,0.274545970487428,0.0,0.4176716799112773,0.0,0.0081583427900298,0.0,0.2551787741235929,-0.0163166855858769,0.0508654937570678,0.0107122587989743,0.0196509648099197,0.0,0.0080164585669875,0.2551787741235929,0.0,0.0,0.2551787741235929,0.3929483541450465,0.1174091940963221,0.0,0.5801645856989618,0.1804057888769702,0.0,0.0,0.0107122587989743,-0.0163166855858769,-0.0110669693507629,-0.0163166855858769,-0.0163166855858769,0.0,0.1164160045408431,-0.344707718502627,0.0,0.0852014755936951,0.002908626560733,0.0078036322382413,0.0,0.2551787741235929,0.002908626560733,-0.0081583427900298,0.002908626560733,0.0,0.0107122587989743
209,-0.2943516680336067,0.1476663163244081,0.0,0.0,-0.1073922690666389,1.0,0.0054498034178307,0.1476663163244081,0.7598972322835139,0.0170578846978102,0.0170578846978102,0.0066487601697535,-0.2943516680336067,0.3916929425017323,0.0,0.0,0.287056716879382,0.0,0.3799486161363071,0.0,0.1073922690666389,0.0,0.1415080384622593,-0.1136595429971442,0.0390750905058464,0.2774884191737046,0.0150959554673911,0.0,0.0061582778621487,0.1415080384622593,0.0,0.0,0.1415080384622593,0.2830160769245187,0.0,0.4312663007517517,0.6183891938212545,0.0,0.0,0.0,0.2604305344758943,-0.1136595429971442,-0.2777609093445962,-0.1136595429971442,-0.1136595429971442,0.0,0.1251041301745888,-0.2943516680336067,0.0,0.0,0.1703686402779572,0.0900618941979371,0.0,0.1415080384622593,0.0863015298396339,-0.1073922690666389,0.0863015298396339,0.0840671104383233,0.2774884191737046
210,-0.2718846912892462,0.2313927262482484,0.0,0.0,-0.2053495912044232,1.0,0.0035241048770067,0.2313927262482484,0.8175570904975654,0.2012968705936981,0.2012968705936981,0.0042994079502372,-0.2718846912892462,0.4163729912609718,0.0,0.0,0.5389765999434514,0.0,0.4087785452487827,0.0,0.2053495912044232,0.0,0.2274104877353524,-0.2094023118122585,0.0252678319705947,0.2066182689595677,0.0097617705088752,0.0,0.0039822385100062,0.2274104877353524,0.0,0.0,0.2274104877353524,0.4548209754707049,0.0,0.1429729348741793,0.590146602762213,0.1902664223296784,0.0,0.0,0.0053213983658695,-0.2094023118122585,-0.2067944742041405,-0.2094023118122585,-0.2094023118122585,0.0,0.2168029320554176,-0.2718846912892462,0.0,0.0,0.0014448829997172,0.0038765153661523,0.0,0.2274104877353524,0.0014448829997172,-0.2053495912044232,0.0014448829997172,0.0,0.2066182689595677
211,-0.367485015190661,0.2731422941131303,0.0,0.0,-0.0351424583290679,1.0,0.0082108547491529,0.2731422941131303,0.8409064783623673,0.0256999753692252,0.0256999753692252,0.0100172427946399,-0.367485015190661,0.4381476311674599,0.0,0.0,0.2804992199702567,0.0,0.4204532391845501,0.0,0.0351424583290679,0.0,0.2638640282422111,-0.0445849412956435,0.0588718285571499,0.0380983660374164,0.0227440676541438,0.0,0.1865998850456118,0.0865424090675184,0.1773216191814255,0.0,0.0865424090675184,0.3504064373097296,0.0,0.0671319484336532,0.5770424501201563,0.0,0.0,0.0,0.0123983906749241,-0.0445849412956435,-0.0385089087765573,-0.0445849412956435,-0.0445849412956435,0.0,0.0618277362654984,-0.367485015190661,0.0,0.0,0.0033664504474893,0.0090319402274347,0.1773216191814255,0.2638640282422111,0.0033664504474893,-0.0351424583290679,0.0033664504474893,0.0,0.0380983660374164
212,-0.3007263962301422,0.1508814649706712,0.0,0.0,-0.0903018287447407,1.0,0.0057585205537956,0.1508814649706712,0.7617453253173163,0.0,0.0,0.0070253950756307,-0.3007263962301422,0.3932822744520878,0.0,0.0,0.2646945104858304,0.0,0.3808726626586581,0.0,0.0903018287447407,0.0,0.1443743367448821,-0.0969241273816057,0.0412885923707149,0.2597339563483416,0.015951101934014,0.0,0.0065071282257891,0.1443743367448821,0.0,0.0,0.1443743367448821,0.1617074836118071,0.1270411898779571,0.5338148553368589,0.6173709885724342,0.0,0.0,0.0,0.2597339563483416,-0.0969241273816057,-0.2600218823760313,-0.0969241273816057,-0.0969241273816057,0.0,0.0,-0.3007263962301422,0.0,-0.1090170205445766,0.1697200536312906,0.0900139027170509,0.0,0.1443743367448821,0.0860405235349319,-0.0903018287447407,0.0860405235349319,0.0836795301078757,0.2597339563483416
213,-0.3007263962301422,0.1508814649706712,0.0,0.0,-0.0903018287447407,1.0,0.0057585205537956,0.1508814649706712,0.7617453253173163,0.0,0.0,0.0070253950756307,-0.3007263962301422,0.3932822744520878,0.0,0.0,0.2646945104858304,0.0,0.3808726626586581,0.0,0.0903018287447407,0.0,0.1443743367448821,-0.0969241273816057,0.0412885923707149,0.2597339563483416,0.015951101934014,0.0,0.0065071282257891,0.1443743367448821,0.0,0.0,0.1443743367448821,0.2707245041448667,0.0180241693333804,0.4247978347922823,0.6173709885724342,0.0,0.0,0.0,0.2597339563483416,-0.0969241273816057,-0.2600218823760313,-0.0969241273816057,-0.0969241273816057,0.0,0.1090170205445766,-0.3007263962301422,0.0,0.0,0.1697200536312906,0.0900139027170509,0.0,0.1443743367448821,0.0860405235349319,-0.0903018287447407,0.0860405235349319,0.0836795301078757,0.2597339563483416
214,-0.344707718502627,0.2631952326905805,0.0,0.0,-0.0081583427900298,1.0,0.0070942111230297,0.2631952326905805,0.8353433598225547,0.0,0.0,0.0086549375706779,-0.344707718502627,0.4329597048800975,0.0,0.0,0.274545970487428,0.0,0.4176716799112773,0.0,0.0081583427900298,0.0,0.2551787741235929,-0.0163166855858769,0.0508654937570678,0.0107122587989743,0.0196509648099197,0.0,0.0080164585669875,0.2551787741235929,0.0,0.0,0.2551787741235929,0.2765323496042032,0.2338251986371653,0.1164160045408431,0.5801645856989618,0.1804057888769702,0.0,0.0,0.0107122587989743,-0.0163166855858769,-0.0110669693507629,-0.0163166855858769,-0.0163166855858769,0.0,0.0,-0.344707718502627,0.0,-0.031214528947148,0.002908626560733,0.0078036322382413,0.0,0.2551787741235929,0.002908626560733,-0.0081583427900298,0.002908626560733,0.0,0.0107122587989743
215,-0.344707718502627,0.2631952326905805,0.0,0.0,-0.0081583427900298,1.0,0.0070942111230297,0.2631952326905805,0.8353433598225547,0.0,0.0,0.0086549375706779,-0.344707718502627,0.4329597048800975,0.0,0.0,0.274545970487428,0.0,0.4176716799112773,0.0,0.0081583427900298,0.0,0.2551787741235929,-0.0163166855858769,0.0508654937570678,0.0107122587989743,0.0196509648099197,0.0,0.0080164585669875,0.2551787741235929,0.0,0.0,0.2551787741235929,0.307746878545534,0.2026106696958345,0.0852014755936951,0.5801645856989618,0.1804057888769702,0.0,0.0,0.0107122587989743,-0.0163166855858769,-0.0110669693507629,-0.0163166855858769,-0.0163166855858769,0.0,0.031214528947148,-0.344707718502627,0.0,0.0,0.002908626560733,0.0078036322382413,0.0,0.2551787741235929,0.002908626560733,-0.0081583427900298,0.002908626560733,0.0,0.0107122587989743
216,-0.3765602008177578,0.2771055137228405,0.0,0.0,-0.0099541244670958,1.0,0.0086557604077132,0.2771055137228405,0.8431229983576866,0.0,0.0,0.0105600276981199,-0.3765602008177578,0.4402146628629661,0.0,0.0,0.2469315329328217,0.0,0.4215614991788433,0.0,0.0099541244670958,0.0,0.2673245044575109,-0.0199082489412894,0.0620618021293373,0.0130701982195508,0.0239764563283011,0.0,0.1858737990134762,0.0912317147093641,0.1760927897552444,0.0,0.0912317147093641,0.2933783432850828,0.0651778758746945,0.0980178308698631,0.5757984939001756,0.0,0.0,0.0,0.0130701982195508,-0.0199082489412894,-0.0135029862346131,-0.0199082489412894,-0.0199082489412894,0.0,0.0,-0.3765602008177578,0.0,-0.0380853458010361,0.0035488617675173,0.0095213364520334,0.1760927897552444,0.2673245044575109,0.0035488617675173,-0.0099541244670958,0.0035488617675173,0.0,0.0130701982195508
217,-0.3765602008177578,0.2771055137228405,0.0,0.0,-0.0099541244670958,1.0,0.0086557604077132,0.2771055137228405,0.8431229983576866,0.0,0.0,0.0105600276981199,-0.3765602008177578,0.4402146628629661,0.0,0.0,0.2469315329328217,0.0,0.4215614991788433,0.0,0.0099541244670958,0.0,0.2673245044575109,-0.0199082489412894,0.0620618021293373,0.0130701982195508,0.0239764563283011,0.0,0.1858737990134762,0.0912317147093641,0.1760927897552444,0.0,0.0912317147093641,0.3314636890861189,0.0270925300807561,0.0599324850688269,0.5757984939001756,0.0,0.0,0.0,0.0130701982195508,-0.0199082489412894,-0.0135029862346131,-0.0199082489412894,-0.0199082489412894,0.0,0.0380853458010361,-0.3765602008177578,0.0,0.0,0.0035488617675173,0.0095213364520334,0.1760927897552444,0.2673245044575109,0.0035488617675173,-0.0099541244670958,0.0035488617675173,0.0,0.0130701982195508
218,-0.3007263962301422,0.1508814649706712,0.0,0.0,-0.0903018287447407,1.0,0.0057585205537956,0.1508814649706712,0.7617453253173163,0.0,0.0,0.0070253950756307,-0.3007263962301422,0.3932822744520878,0.0,0.0,0.2646945104858304,0.0,0.3808726626586581,0.0,0.0903018287447407,0.0,0.1443743367448821,-0.0969241273816057,0.0412885923707149,0.2597339563483416,0.015951101934014,0.0,0.0065071282257891,0.1443743367448821,0.0,0.0,0.1443743367448821,0.2887486734782472,0.0,0.4067736654589018,0.6173709885724342,0.0,0.0,0.0,0.2597339563483416,-0.0969241273816057,-0.2600218823760313,-0.0969241273816057,-0.0969241273816057,0.0,0.1270411898779571,-0.3007263962301422,0.0,0.0180241693333804,0.1697200536312906,0.0900139027170509,0.0,0.1443743367448821,0.0860405235349319,-0.0903018287447407,0.0860405235349319,0.0836795301078757,0.2597339563483416
219,-0.3765602008177578,0.2771055137228405,0.0,0.0,-0.0099541244670958,1.0,0.0086557604077132,0.2771055137228405,0.8431229983576866,0.0,0.0,0.0105600276981199,-0.3765602008177578,0.4402146628629661,0.0,0.0,0.2469315329328217,0.0,0.4215614991788433,0.0,0.0099541244670958,0.0,0.2673245044575109,-0.0199082489412894,0.0620618021293373,0.0130701982195508,0.0239764563283011,0.0,0.1858737990134762,0.0912317147093641,0.1760927897552444,0.0,0.0912317147093641,0.3585562191668751,0.0,0.0328399549880708,0.5757984939001756,0.0,0.0,0.0,0.0130701982195508,-0.0199082489412894,-0.0135029862346131,-0.0199082489412894,-0.0199082489412894,0.0,0.0651778758746945,-0.3765602008177578,0.0,0.0270925300807561,0.0035488617675173,0.0095213364520334,0.1760927897552444,0.2673245044575109,0.0035488617675173,-0.0099541244670958,0.0035488617675173,0.0,0.0130701982195508
220,-0.3465996793670773,0.2680266757254474,0.0,0.0,-0.004624745966995,1.0,0.0071516690207577,0.2680266757254474,0.8385093537873451,0.0,0.0,0.0087250362053244,-0.3465996793670773,0.4346665236330478,0.0,0.0,0.274969754399528,0.0,0.419254676893315,0.0,0.004624745966995,0.0,0.2599452897319912,-0.0128491653408664,0.0512774668788328,0.0,0.0198101231874988,0.0,0.0080813859934562,0.2599452897319912,0.0,0.0,0.2599452897319912,0.5198905794639824,0.0,-0.1399581627362285,0.578564064055354,0.1881663716600811,0.0,0.0,0.0,-0.0128491653408664,-0.0003575834510378,-0.0128491653408664,-0.0128491653408664,0.0,0.2384187659795104,-0.3465996793670773,0.0,0.2105510956950528,-0.0042671625159571,0.0042671625159571,0.0,0.2599452897319912,-0.0006674891083656,-0.004624745966995,-0.0006674891083656,-0.0035996734068763,0.0
221,-0.3086007690848338,0.2503940345163463,0.0,0.0,-0.1071067491383892,1.0,0.0052979430734596,0.2503940345163463,0.8285276574704861,0.1036807459500875,0.1036807459500875,0.0064634905500756,-0.3086007690848338,0.4256808960587118,0.0,0.0,0.4110585731752906,0.0,0.414263828735243,0.0,0.1071067491383892,0.0,0.2444073588427534,-0.1131993836723238,0.0379862518380011,0.1036807459500875,0.014675302313592,0.0,0.0059866756735928,0.2444073588427534,0.0,0.0,0.2444073588427534,0.4888147176855069,0.0,0.0,0.5841202986277326,0.1912336701939042,0.0,0.0,0.0,-0.1131993836723238,-0.1039456431039089,-0.1131993836723238,-0.1131993836723238,0.0,0.2284605501912146,-0.3086007690848338,0.0,0.1041354860643288,-0.0031611060334913,0.0031611060334913,0.0,0.2444073588427534,-0.0004944746868694,-0.1071067491383892,-0.0004944746868694,-0.0026666313466219,0.1036807459500875
222,-0.3776853176153946,0.282451350062844,0.0,0.0,-0.0056053973622849,1.0,0.0086681402505092,0.282451350062844,0.8466750458691978,0.0,0.0,0.0105751311056212,-0.3776853176153946,0.4420173651740129,0.0,0.0,0.2484577933801413,0.0,0.4233375229341655,0.0,0.0056053973622849,0.0,0.2726563515797686,-0.0155737586503705,0.0621505655961513,0.0,0.0240107484939106,0.0,0.1794305031855415,0.1030208468773024,0.1696355047024661,0.0,0.1030208468773024,0.3756771984570711,0.0,0.0,0.5740186942894292,0.0160216125627356,0.0,0.0,0.0,-0.0155737586503705,-0.0004334070125254,-0.0155737586503705,-0.0155737586503705,0.0,0.0769297447232696,-0.3776853176153946,0.0,0.0431528915468296,-0.0051719903497594,0.0051719903497594,0.1696355047024661,0.2726563515797686,-0.0008090264230919,-0.0056053973622849,-0.0008090264230919,-0.0043629639258007,0.0
223,-0.3462465411063793,0.2671248772652843,0.0,0.0,-0.0052842988468028,1.0,0.0071409443910299,0.2671248772652843,0.8379184147105306,0.0,0.0,0.0087119521573764,-0.3462465411063793,0.4343479425166152,0.0,0.0,0.2748906542904294,0.0,0.4189592073552653,0.0,0.0052842988468028,0.0,0.2590556101041403,-0.0134963848968871,0.0512005712772065,0.0019994644291684,0.0197804159582742,0.0,0.008069267161144,0.2590556101041403,0.0,0.0,0.2590556101041403,0.5181112202082806,0.0,-0.1357493528500457,0.5788628046063903,0.1867178434357234,0.0,0.0,0.0019994644291684,-0.0134963848968871,-0.0023565116475202,-0.0134963848968871,-0.0134963848968871,0.0,0.2375613674905792,-0.3462465411063793,0.0,0.2090689993749284,-0.0029277871992825,0.004927251628451,0.0,0.2590556101041403,0.0,-0.0052842988468028,0.0,-0.0029277871992825,0.0019994644291684
224,-0.3091902699094407,0.2501166277922294,0.0,0.0,-0.1052982339225423,1.0,0.0053315561488082,0.2501166277922294,0.8283105631476043,0.1013528823713493,0.1013528823713493,0.0065044985017849,-0.3091902699094407,0.4256447850720058,0.0,0.0,0.4079440186595149,0.0,0.4141552815723093,0.0,0.1052982339225423,0.0,0.2440919693446134,-0.1114295234909847,0.0382272575821185,0.1028457180927768,0.0147684105285564,0.0,0.0060246584476159,0.2440919693446134,0.0,0.0,0.2440919693446134,0.4881839386862412,0.0,0.0,0.5842185938029909,0.1900833055636943,0.0,0.0,0.0014928357214274,-0.1114295234909847,-0.1031122959023072,-0.1114295234909847,-0.1114295234909847,0.0,0.2280439853392682,-0.3091902699094407,0.0,0.1054181939345917,-0.0021859380202351,0.0036787737416625,0.0,0.2440919693446134,0.0,-0.1052982339225423,0.0,-0.0021859380202351,0.1028457180927768
225,-0.3761341646979168,0.2808428294996121,0.0,0.0,-0.0063642227457452,1.0,0.0086003010119291,0.2808428294996121,0.8456675983663122,0.0,0.0,0.0104923672349388,-0.3761341646979168,0.4413674478622741,0.0,0.0,0.2493227262966229,0.0,0.4228337991831561,0.0,0.0063642227457452,0.0,0.271124489356999,-0.0162545689099453,0.0616641582477299,0.0024080842829548,0.023822833797168,0.0,0.1732100623511638,0.1076327671484483,0.1634917222085507,0.0,0.1076327671484483,0.3787572565054474,0.0,0.0,0.5745431090093132,0.0205117179081051,0.0,0.0,0.0024080842829548,-0.0162545689099453,-0.0028380993321064,-0.0162545689099453,-0.0162545689099453,0.0,0.0817458611066834,-0.3761341646979168,0.0,0.0474306600745765,-0.0035261234136387,0.0059342076965936,0.1634917222085507,0.271124489356999,0.0,-0.0063642227457452,0.0,-0.0035261234136387,0.0024080842829548
226,-0.3454746038665034,0.2651536045691234,0.0,0.0,-0.0067260384885231,1.0,0.0071175010446666,0.2651536045691234,0.8366266603783642,0.0,0.0,0.0086833512750769,-0.3454746038665034,0.4336515449435028,0.0,0.0,0.2747177465977118,0.0,0.4183133301906411,0.0,0.0067260384885231,0.0,0.2571108283877746,-0.0149111646913489,0.0510324824952208,0.0063701634348307,0.0197154778957693,0.0,0.0080427761813487,0.2571108283877746,0.0,0.0,0.2571108283877746,0.5142216567755493,0.0,-0.1265491685881804,0.5795158319905895,0.183551455084287,0.0,0.0,0.0063701634348307,-0.0149111646913489,-0.0067260384885231,-0.0149111646913489,-0.0149111646913489,0.0,0.235687150240118,-0.3454746038665034,0.0,0.2058292333549691,0.0,0.0063701634348307,0.0,0.2571108283877746,0.0014590877143025,-0.0067260384885231,0.0014590877143025,-0.0014590877143025,0.0063701634348307
227,-0.3105116958072197,0.2494947924756586,0.0,0.0,-0.101244263612893,1.0,0.0054069032632027,0.2494947924756586,0.8278239241947912,0.0961347400303857,0.0961347400303857,0.0065964219815507,-0.3105116958072197,0.4255638386308168,0.0,0.0,0.4009624287821358,0.0,0.4139119620973956,0.0,0.101244263612893,0.0,0.2433849917875745,-0.1074622023666846,0.0387674964009323,0.1009739184508413,0.0149771220406234,0.0,0.0061098006880841,0.2433849917875745,0.0,0.0,0.2433849917875745,0.4867699835773658,0.0,0.0,0.5844389324072167,0.1875046465571644,0.0,0.0,0.0048391784204556,-0.1074622023666846,-0.101244263612893,-0.1074622023666846,-0.1074622023666846,0.0,0.2271102129651125,-0.3105116958072197,0.0,0.1082935137434852,0.0,0.0048391784204556,0.0,0.2433849917875745,0.0011084151690674,-0.101244263612893,0.0011084151690674,-0.0011084151690674,0.1009739184508413
228,-0.3728109576284708,0.2773967173593939,0.0,0.0,-0.0079899385965924,1.0,0.0084549614762248,0.2773967173593939,0.8435092317610209,0.0,0.0,0.0103150530016876,-0.3728109576284708,0.4399750578619483,0.0,0.0,0.251175768079475,0.0,0.4217546158787772,0.0,0.0079899385965924,0.0,0.2678426108902199,-0.0177131442959842,0.0606220737904251,0.0075671905210479,0.0234202432915693,0.0,0.1598833215330909,0.1175133958297694,0.1503292150639169,0.0,0.1175133958297694,0.3853560067199894,0.0,0.0,0.5756666208673344,0.0301313689648394,0.0,0.0,0.0075671905210479,-0.0177131442959842,-0.0079899385965924,-0.0177131442959842,-0.0177131442959842,0.0,0.0920639617825195,-0.3728109576284708,0.0,0.0565953983864631,0.0,0.0075671905210479,0.1503292150639169,0.2678426108902199,0.0017332671027994,-0.0079899385965924,0.0017332671027994,-0.0017332671027994,0.0075671905210479
229,-0.3465996793670773,0.2680266757254474,0.0,0.0,-0.004624745966995,1.0,0.0071516690207577,0.2680266757254474,0.8385093537873451,0.0,0.0,0.0087250362053244,-0.3465996793670773,0.4346665236330478,0.0,0.0,0.274969754399528,0.0,0.419254676893315,0.0,0.004624745966995,0.0,0.2599452897319912,-0.0128491653408664,0.0512774668788328,0.0,0.0198101231874988,0.0,0.0080813859934562,0.2599452897319912,0.0,0.0,0.2599452897319912,0.3799324167277538,0.1399581627362285,0.0,0.578564064055354,0.1881663716600811,0.0,0.0,0.0,-0.0128491653408664,-0.0003575834510378,-0.0128491653408664,-0.0128491653408664,0.0,0.0984606032432819,-0.3465996793670773,0.0,0.0705929329588242,-0.0042671625159571,0.0042671625159571,0.0,0.2599452897319912,-0.0006674891083656,-0.004624745966995,-0.0006674891083656,-0.0035996734068763,0.0
230,-0.3462465411063793,0.2671248772652843,0.0,0.0,-0.0052842988468028,1.0,0.0071409443910299,0.2671248772652843,0.8379184147105306,0.0,0.0,0.0087119521573764,-0.3462465411063793,0.4343479425166152,0.0,0.0,0.2748906542904294,0.0,0.4189592073552653,0.0,0.0052842988468028,0.0,0.2590556101041403,-0.0134963848968871,0.0512005712772065,0.0019994644291684,0.0197804159582742,0.0,0.008069267161144,0.2590556101041403,0.0,0.0,0.2590556101041403,0.3823618673582349,0.1357493528500457,0.0,0.5788628046063903,0.1867178434357234,0.0,0.0,0.0019994644291684,-0.0134963848968871,-0.0023565116475202,-0.0134963848968871,-0.0134963848968871,0.0,0.1018120146405334,-0.3462465411063793,0.0,0.0733196465248827,-0.0029277871992825,0.004927251628451,0.0,0.2590556101041403,0.0,-0.0052842988468028,0.0,-0.0029277871992825,0.0019994644291684
231,-0.3454746038665034,0.2651536045691234,0.0,0.0,-0.0067260384885231,1.0,0.0071175010446666,0.2651536045691234,0.8366266603783642,0.0,0.0,0.0086833512750769,-0.3454746038665034,0.4336515449435028,0.0,0.0,0.2747177465977118,0.0,0.4183133301906411,0.0,0.0067260384885231,0.0,0.2571108283877746,-0.0149111646913489,0.0510324824952208,0.0063701634348307,0.0197154778957693,0.0,0.0080427761813487,0.2571108283877746,0.0,0.0,0.2571108283877746,0.3876724881902871,0.1265491685881804,0.0,0.5795158319905895,0.183551455084287,0.0,0.0,0.0063701634348307,-0.0149111646913489,-0.0067260384885231,-0.0149111646913489,-0.0149111646913489,0.0,0.1091379816548558,-0.3454746038665034,0.0,0.0792800647697069,0.0,0.0063701634348307,0.0,0.2571108283877746,0.0014590877143025,-0.0067260384885231,0.0014590877143025,-0.0014590877143025,0.0063701634348307
232,-0.3711407341432683,0.2794144658108014,0.0,0.0,-0.0315309047391393,1.0,0.008348871510641,0.2794144658108014,0.8449558901284746,0.0261319678292261,0.0261319678292261,0.010185623243699,-0.3711407341432683,0.440469763169926,0.0,0.0,0.280171430161565,0.0,0.4224779450642373,0.0,0.0315309047391393,0.0,0.269980241004416,-0.0411321069770779,0.0598614087333382,0.0261319678292261,0.0231263740846472,0.0,0.1956196254132098,0.0837948403975916,0.1861854006068244,0.0,0.0837948403975916,0.3537750814020076,0.0,0.0489299529673341,0.5749756491240585,0.0,0.0,0.0,0.0,-0.0411321069770779,-0.0265494114049919,-0.0411321069770779,-0.0411321069770779,0.0,0.0586647371498917,-0.3711407341432683,0.0,0.0,-0.0049814933341474,0.0049814933341474,0.1861854006068244,0.269980241004416,-0.0007792280076806,-0.0315309047391393,-0.0007792280076806,-0.0042022653264668,0.0261319678292261
233,-0.370453599665677,0.278235538907143,0.0,0.0,-0.0322097378289826,1.0,0.0083229296725593,0.278235538907143,0.8441947565526209,0.0260507698696108,0.0260507698696108,0.0101539742008952,-0.370453599665677,0.4400332917191377,0.0,0.0,0.2802330420302351,0.0,0.4220973782763104,0.0,0.0322097378289826,0.0,0.2688306283826507,-0.0417811069482311,0.0596754057446997,0.0283811901775546,0.023054515187303,0.0,0.1939242613389385,0.0843112775682044,0.1845193508097854,0.0,0.0843112775682044,0.3531419059508551,0.0,0.0523512276313561,0.5753641281699702,0.0,0.0,0.0,0.0023304203079437,-0.0417811069482311,-0.0287973366644451,-0.0417811069482311,-0.0417811069482311,0.0,0.0592592592578092,-0.370453599665677,0.0,0.0,-0.0034124011645375,0.0057428214724812,0.1845193508097854,0.2688306283826507,0.0,-0.0322097378289826,0.0,-0.0034124011645375,0.0283811901775546
234,-0.3689592460946556,0.2756716541294366,0.0,0.0,-0.0336860378597776,1.0,0.0082665123576038,0.2756716541294366,0.8425394725944664,0.0258741836803168,0.0258741836803168,0.0100851450769545,-0.3689592460946556,0.4390840704297336,0.0,0.0,0.2803670331501824,0.0,0.4212697362972332,0.0,0.0336860378597776,0.0,0.2663304951643275,-0.0431925270727167,0.0592708936097814,0.0332727122435921,0.0228982392329351,0.0,0.1902372489056359,0.0854344052238006,0.1808960899405268,0.0,0.0854344052238006,0.3517649003881281,0.0,0.0597916838897678,0.5762089774335283,0.0,0.0,0.0,0.0073985285598859,-0.0431925270727167,-0.0336860378597776,-0.0431925270727167,-0.0431925270727167,0.0,0.0605522030270741,-0.3689592460946556,0.0,0.0,0.0,0.0073985285598859,0.1808960899405268,0.2663304951643275,0.0016946350334782,-0.0336860378597776,0.0016946350334782,-0.0016946350334782,0.0332727122435921
235,-0.3805784759946026,0.2837938628685116,0.0,0.0,-0.005696667156363,1.0,0.0088092791073237,0.2837938628685116,0.8474350315663345,0.0,0.0,0.010747320510935,-0.3805784759946026,0.44270151225945,0.0,0.0,0.2459903097929097,0.0,0.4237175157831672,0.0,0.005696667156363,0.0,0.2738393774772357,-0.0158273381297853,0.0631625311995116,0.0,0.0244017031272869,0.0,0.195378064895259,0.0884157979741334,0.1854235795039831,0.0,0.0884157979741334,0.3003553075902803,0.0618998678610888,0.0749258552338643,0.5735956540890988,0.0,0.0,0.0,0.0,-0.0158273381297853,-0.0004404639553661,-0.0158273381297853,-0.0158273381297853,0.0,0.0,-0.3805784759946026,0.0,-0.0343268242551653,-0.0052562032009968,0.0052562032009968,0.1854235795039831,0.2738393774772357,-0.0008221993830565,-0.005696667156363,-0.0008221993830565,-0.0044340038170593,0.0
236,-0.3798226358746159,0.2825357801401352,0.0,0.0,-0.0064974975832821,1.0,0.0087804021438229,0.2825357801401352,0.8466239353755378,0.0,0.0,0.0107120906158574,-0.3798226358746159,0.4422337343036263,0.0,0.0,0.2461673544634296,0.0,0.4233119676902274,0.0,0.0064974975832821,0.0,0.2726139257185003,-0.0165949600491702,0.0629554833632452,0.002458512599877,0.0243217139323909,0.0,0.1935903064339275,0.0889454737012907,0.1836684520172096,0.0,0.0889454737012907,0.2990429361671788,0.0625164632526121,0.0792694705396435,0.5740100096570375,0.0,0.0,0.0,0.002458512599877,-0.0165949600491702,-0.0028975327055931,-0.0165949600491702,-0.0165949600491702,0.0,0.0,-0.3798226358746159,0.0,-0.0350338045482483,-0.0035999648776889,0.006058477477566,0.1836684520172096,0.2726139257185003,0.0,-0.0064974975832821,0.0,-0.0035999648776889,0.002458512599877
237,-0.3781797576489503,0.2798012379031994,0.0,0.0,-0.0082381658102134,1.0,0.0087176357763016,0.2798012379031994,0.844860953708637,0.0,0.0,0.0106355156478028,-0.3781797576489503,0.4412169819542144,0.0,0.0,0.2465521750504548,0.0,0.4224304768543185,0.0,0.0082381658102134,0.0,0.2699503094749063,-0.0182634469547475,0.0625054485221591,0.0078022840196112,0.0241478511028575,0.0,0.1897044721467223,0.0900967657564771,0.1798535437184291,0.0,0.0900967657564771,0.296190393165506,0.0638566820694517,0.0887106616680809,0.5749106442337307,0.0,0.0,0.0,0.0078022840196112,-0.0182634469547475,-0.0082381658102134,-0.0182634469547475,-0.0182634469547475,0.0,0.0,-0.3781797576489503,0.0,-0.036570482084981,0.0,0.0078022840196112,0.1798535437184291,0.2699503094749063,0.0017871153343205,-0.0082381658102134,0.0017871153343205,-0.0017871153343205,0.0078022840196112
238,-0.3805784759946026,0.2837938628685116,0.0,0.0,-0.005696667156363,1.0,0.0088092791073237,0.2837938628685116,0.8474350315663345,0.0,0.0,0.010747320510935,-0.3805784759946026,0.44270151225945,0.0,0.0,0.2459903097929097,0.0,0.4237175157831672,0.0,0.005696667156363,0.0,0.2738393774772357,-0.0158273381297853,0.0631625311995116,0.0,0.0244017031272869,0.0,0.195378064895259,0.0884157979741334,0.1854235795039831,0.0,0.0884157979741334,0.3346821318454456,0.0275730436059234,0.0405990309795799,0.5735956540890988,0.0,0.0,0.0,0.0,-0.0158273381297853,-0.0004404639553661,-0.0158273381297853,-0.0158273381297853,0.0,0.0343268242551653,-0.3805784759946026,0.0,0.0,-0.0052562032009968,0.0052562032009968,0.1854235795039831,0.2738393774772357,-0.0008221993830565,-0.005696667156363,-0.0008221993830565,-0.0044340038170593,0.0
239,-0.3798226358746159,0.2825357801401352,0.0,0.0,-0.0064974975832821,1.0,0.0087804021438229,0.2825357801401352,0.8466239353755378,0.0,0.0,0.0107120906158574,-0.3798226358746159,0.4422337343036263,0.0,0.0,0.2461673544634296,0.0,0.4233119676902274,0.0,0.0064974975832821,0.0,0.2726139257185003,-0.0165949600491702,0.0629554833632452,0.002458512599877,0.0243217139323909,0.0,0.1935903064339275,0.0889454737012907,0.1836684520172096,0.0,0.0889454737012907,0.3340767407154272,0.0274826587043638,0.0442356659913952,0.5740100096570375,0.0,0.0,0.0,0.002458512599877,-0.0165949600491702,-0.0028975327055931,-0.0165949600491702,-0.0165949600491702,0.0,0.0350338045482483,-0.3798226358746159,0.0,0.0,-0.0035999648776889,0.006058477477566,0.1836684520172096,0.2726139257185003,0.0,-0.0064974975832821,0.0,-0.0035999648776889,0.002458512599877
240,-0.3781797576489503,0.2798012379031994,0.0,0.0,-0.0082381658102134,1.0,0.0087176357763016,0.2798012379031994,0.844860953708637,0.0,0.0,0.0106355156478028,-0.3781797576489503,0.4412169819542144,0.0,0.0,0.2465521750504548,0.0,0.4224304768543185,0.0,0.0082381658102134,0.0,0.2699503094749063,-0.0182634469547475,0.0625054485221591,0.0078022840196112,0.0241478511028575,0.0,0.1897044721467223,0.0900967657564771,0.1798535437184291,0.0,0.0900967657564771,0.332760875250487,0.0272861999808964,0.0521401795830999,0.5749106442337307,0.0,0.0,0.0,0.0078022840196112,-0.0182634469547475,-0.0082381658102134,-0.0182634469547475,-0.0182634469547475,0.0,0.036570482084981,-0.3781797576489503,0.0,0.0,0.0,0.0078022840196112,0.1798535437184291,0.2699503094749063,0.0017871153343205,-0.0082381658102134,0.0017871153343205,-0.0017871153343205,0.0078022840196112
241,-0.2714160458488108,0.2331392006692161,0.0,0.0,-0.2073929125123901,1.0,0.0034839361509708,0.2331392006692161,0.8187598348614097,0.205139967134888,0.205139967134888,0.0042504021044836,-0.2714160458488108,0.4168877998364796,0.0,0.0,0.544231472718113,0.0,0.4093799174310299,0.0,0.2073929125123901,0.0,0.2292023528182353,-0.2113994390862993,0.0249798222033132,0.205139967134888,0.0096505031382609,0.0,0.0039368478509808,0.2292023528182353,0.0,0.0,0.2292023528182353,0.4584047056364706,0.0,0.1369593366587553,0.5895574820431743,0.1942352469819654,0.0,0.0,0.0,-0.2113994390862993,-0.2053141639425341,-0.2113994390862993,-0.2113994390862993,0.0,0.2187157050035333,-0.2714160458488108,0.0,0.0,-0.002078748569856,0.002078748569856,0.0,0.2292023528182353,-0.0003251673740992,-0.2073929125123901,-0.0003251673740992,-0.0017535811957567,0.205139967134888
242,-0.27150213843134,0.2328183643189063,0.0,0.0,-0.2070175438586955,1.0,0.0034913153536159,0.2328183643189063,0.818538884524846,0.204433970498271,0.204433970498271,0.0042594047315678,-0.27150213843134,0.4167932268488201,0.0,0.0,0.5432661255133213,0.0,0.409269442262423,0.0,0.2070175438586955,0.0,0.2288731779696722,-0.2110325565155493,0.0250327310822588,0.2054115387971271,0.0096709435271308,0.0,0.003945186349234,0.2288731779696722,0.0,0.0,0.2288731779696722,0.4577463559393445,0.0,0.1380640656374894,0.5896657065551738,0.1935061534437602,0.0,0.0,0.000977568298856,-0.2110325565155493,-0.2055861045642213,-0.2110325565155493,-0.2110325565155493,0.0,0.2183643187569697,-0.27150213843134,0.0,0.0,-0.0014314392944741,0.0024090075933302,0.0,0.2288731779696722,0.0,-0.2070175438586955,0.0,-0.0014314392944741,0.2054115387971271
243,-0.2716925208478881,0.2321088769427216,0.0,0.0,-0.2061874654723187,1.0,0.0035076334870241,0.2321088769427216,0.8180502819260385,0.2028727518264337,0.2028727518264337,0.0042793128544571,-0.2716925208478881,0.4165840911276282,0.0,0.0,0.54113138718119,0.0,0.4090251409623002,0.0,0.2061874654723187,0.0,0.2281452511019528,-0.2102212439816774,0.0251497321044081,0.2060120837972484,0.0097161447600636,0.0,0.0039636258407687,0.2281452511019528,0.0,0.0,0.2281452511019528,0.4562905022053439,0.0,0.1405070284202408,0.5899050308226474,0.1918938590101784,0.0,0.0,0.0031393319708147,-0.2102212439816774,-0.2061874654723187,-0.2102212439816774,-0.2102212439816774,0.0,0.2175872743058663,-0.2716925208478881,0.0,0.0,0.0,0.0031393319708147,0.0,0.2281452511019528,0.0007190648649118,-0.2061874654723187,0.0007190648649118,-0.0007190648649118,0.2060120837972484
244,-0.3465996793670773,0.2680266757254474,0.0,0.0,-0.004624745966995,1.0,0.0071516690207577,0.2680266757254474,0.8385093537873451,0.0,0.0,0.0087250362053244,-0.3465996793670773,0.4346665236330478,0.0,0.0,0.274969754399528,0.0,0.419254676893315,0.0,0.004624745966995,0.0,0.2599452897319912,-0.0128491653408664,0.0512774668788328,0.0,0.0198101231874988,0.0,0.0080813859934562,0.2599452897319912,0.0,0.0,0.2599452897319912,0.281471813484472,0.2384187659795104,0.0984606032432819,0.578564064055354,0.1881663716600811,0.0,0.0,0.0,-0.0128491653408664,-0.0003575834510378,-0.0128491653408664,-0.0128491653408664,0.0,0.0,-0.3465996793670773,0.0,-0.0278676702844576,-0.0042671625159571,0.0042671625159571,0.0,0.2599452897319912,-0.0006674891083656,-0.004624745966995,-0.0006674891083656,-0.0035996734068763,0.0
245,-0.3465996793670773,0.2680266757254474,0.0,0.0,-0.004624745966995,1.0,0.0071516690207577,0.2680266757254474,0.8385093537873451,0.0,0.0,0.0087250362053244,-0.3465996793670773,0.4346665236330478,0.0,0.0,0.274969754399528,0.0,0.419254676893315,0.0,0.004624745966995,0.0,0.2599452897319912,-0.0128491653408664,0.0512774668788328,0.0,0.0198101231874988,0.0,0.0080813859934562,0.2599452897319912,0.0,0.0,0.2599452897319912,0.3093394837689296,0.2105510956950528,0.0705929329588242,0.578564064055354,0.1881663716600811,0.0,0.0,0.0,-0.0128491653408664,-0.0003575834510378,-0.0128491653408664,-0.0128491653408664,0.0,0.0278676702844576,-0.3465996793670773,0.0,0.0,-0.0042671625159571,0.0042671625159571,0.0,0.2599452897319912,-0.0006674891083656,-0.004624745966995,-0.0006674891083656,-0.0035996734068763,0.0
246,-0.3454746038665034,0.2651536045691234,0.0,0.0,-0.0067260384885231,1.0,0.0071175010446666,0.2651536045691234,0.8366266603783642,0.0,0.0,0.0086833512750769,-0.3454746038665034,0.4336515449435028,0.0,0.0,0.2747177465977118,0.0,0.4183133301906411,0.0,0.0067260384885231,0.0,0.2571108283877746,-0.0149111646913489,0.0510324824952208,0.0063701634348307,0.0197154778957693,0.0,0.0080427761813487,0.2571108283877746,0.0,0.0,0.2571108283877746,0.2785345065354313,0.235687150240118,0.1091379816548558,0.5795158319905895,0.183551455084287,0.0,0.0,0.0063701634348307,-0.0149111646913489,-0.0067260384885231,-0.0149111646913489,-0.0149111646913489,0.0,0.0,-0.3454746038665034,0.0,-0.0298579168851488,0.0,0.0063701634348307,0.0,0.2571108283877746,0.0014590877143025,-0.0067260384885231,0.0014590877143025,-0.0014590877143025,0.0063701634348307
247,-0.3462465411063793,0.2671248772652843,0.0,0.0,-0.0052842988468028,1.0,0.0071409443910299,0.2671248772652843,0.8379184147105306,0.0,0.0,0.0087119521573764,-0.3462465411063793,0.4343479425166152,0.0,0.0,0.2748906542904294,0.0,0.4189592073552653,0.0,0.0052842988468028,0.0,0.2590556101041403,-0.0134963848968871,0.0512005712772065,0.0019994644291684,0.0197804159582742,0.0,0.008069267161144,0.2590556101041403,0.0,0.0,0.2590556101041403,0.2805498527177014,0.2375613674905792,0.1018120146405334,0.5788628046063903,0.1867178434357234,0.0,0.0,0.0019994644291684,-0.0134963848968871,-0.0023565116475202,-0.0134963848968871,-0.0134963848968871,0.0,0.0,-0.3462465411063793,0.0,-0.0284923681156507,-0.0029277871992825,0.004927251628451,0.0,0.2590556101041403,0.0,-0.0052842988468028,0.0,-0.0029277871992825,0.0019994644291684
248,-0.3454746038665034,0.2651536045691234,0.0,0.0,-0.0067260384885231,1.0,0.0071175010446666,0.2651536045691234,0.8366266603783642,0.0,0.0,0.0086833512750769,-0.3454746038665034,0.4336515449435028,0.0,0.0,0.2747177465977118,0.0,0.4183133301906411,0.0,0.0067260384885231,0.0,0.2571108283877746,-0.0149111646913489,0.0510324824952208,0.0063701634348307,0.0197154778957693,0.0,0.0080427761813487,0.2571108283877746,0.0,0.0,0.2571108283877746,0.3083924234205802,0.2058292333549691,0.0792800647697069,0.5795158319905895,0.183551455084287,0.0,0.0,0.0063701634348307,-0.0149111646913489,-0.0067260384885231,-0.0149111646913489,-0.0149111646913489,0.0,0.0298579168851488,-0.3454746038665034,0.0,0.0,0.0,0.0063701634348307,0.0,0.2571108283877746,0.0014590877143025,-0.0067260384885231,0.0014590877143025,-0.0014590877143025,0.0063701634348307
249,-0.3462465411063793,0.2671248772652843,0.0,0.0,-0.0052842988468028,1.0,0.0071409443910299,0.2671248772652843,0.8379184147105306,0.0,0.0,0.0087119521573764,-0.3462465411063793,0.4343479425166152,0.0,0.0,0.2748906542904294,0.0,0.4189592073552653,0.0,0.0052842988468028,0.0,0.2590556101041403,-0.0134963848968871,0.0512005712772065,0.0019994644291684,0.0197804159582742,0.0,0.008069267161144,0.2590556101041403,0.0,0.0,0.2590556101041403,0.3090422208333521,0.2090689993749284,0.0733196465248827,0.5788628046063903,0.1867178434357234,0.0,0.0,0.0019994644291684,-0.0134963848968871,-0.0023565116475202,-0.0134963848968871,-0.0134963848968871,0.0,0.0284923681156507,-0.3462465411063793,0.0,0.0,-0.0029277871992825,0.004927251628451,0.0,0.2590556101041403,0.0,-0.0052842988468028,0.0,-0.0029277871992825,0.0019994644291684
250,-0.3805784759946026,0.2837938628685116,0.0,0.0,-0.005696667156363,1.0,0.0088092791073237,0.2837938628685116,0.8474350315663345,0.0,0.0,0.010747320510935,-0.3805784759946026,0.44270151225945,0.0,0.0,0.2459903097929097,0.0,0.4237175157831672,0.0,0.005696667156363,0.0,0.2738393774772357,-0.0158273381297853,0.0631625311995116,0.0,0.0244017031272869,0.0,0.195378064895259,0.0884157979741334,0.1854235795039831,0.0,0.0884157979741334,0.3622551754513691,0.0,0.0130259873736564,0.5735956540890988,0.0,0.0,0.0,0.0,-0.0158273381297853,-0.0004404639553661,-0.0158273381297853,-0.0158273381297853,0.0,0.0618998678610888,-0.3805784759946026,0.0,0.0275730436059234,-0.0052562032009968,0.0052562032009968,0.1854235795039831,0.2738393774772357,-0.0008221993830565,-0.005696667156363,-0.0008221993830565,-0.0044340038170593,0.0
251,-0.3781797576489503,0.2798012379031994,0.0,0.0,-0.0082381658102134,1.0,0.0087176357763016,0.2798012379031994,0.844860953708637,0.0,0.0,0.0106355156478028,-0.3781797576489503,0.4412169819542144,0.0,0.0,0.2465521750504548,0.0,0.4224304768543185,0.0,0.0082381658102134,0.0,0.2699503094749063,-0.0182634469547475,0.0625054485221591,0.0078022840196112,0.0241478511028575,0.0,0.1897044721467223,0.0900967657564771,0.1798535437184291,0.0,0.0900967657564771,0.3600470752313834,0.0,0.0248539796022034,0.5749106442337307,0.0,0.0,0.0,0.0078022840196112,-0.0182634469547475,-0.0082381658102134,-0.0182634469547475,-0.0182634469547475,0.0,0.0638566820694517,-0.3781797576489503,0.0,0.0272861999808964,0.0,0.0078022840196112,0.1798535437184291,0.2699503094749063,0.0017871153343205,-0.0082381658102134,0.0017871153343205,-0.0017871153343205,0.0078022840196112
252,-0.3798226358746159,0.2825357801401352,0.0,0.0,-0.0064974975832821,1.0,0.0087804021438229,0.2825357801401352,0.8466239353755378,0.0,0.0,0.0107120906158574,-0.3798226358746159,0.4422337343036263,0.0,0.0,0.2461673544634296,0.0,0.4233119676902274,0.0,0.0064974975832821,0.0,0.2726139257185003,-0.0165949600491702,0.0629554833632452,0.002458512599877,0.0243217139323909,0.0,0.1935903064339275,0.0889454737012907,0.1836684520172096,0.0,0.0889454737012907,0.361559399419791,0.0,0.0167530072870313,0.5740100096570375,0.0,0.0,0.0,0.002458512599877,-0.0165949600491702,-0.0028975327055931,-0.0165949600491702,-0.0165949600491702,0.0,0.0625164632526121,-0.3798226358746159,0.0,0.0274826587043638,-0.0035999648776889,0.006058477477566,0.1836684520172096,0.2726139257185003,0.0,-0.0064974975832821,0.0,-0.0035999648776889,0.002458512599877
253,-0.2684759040378583,0.134615653630455,0.0,0.0,-0.0904665314371113,1.0,0.0041966846191391,0.134615653630455,0.7523956074707914,0.0,0.0,0.0051199552353497,-0.2684759040378583,0.3852416590854438,0.0,0.0,0.291529691540067,0.0,0.376197803731199,0.0,0.0904665314371113,0.0,0.1298734000108277,-0.0952927187491213,0.0,0.2632580261585975,0.0417150451142429,0.0300902287192275,0.0047422536196272,0.1298734000108277,0.0,0.0,0.1298734000108277,0.0,0.2597468000300489,0.7041337343506914,0.6225222074515702,0.0,0.0,0.0,0.2632580261585975,-0.0952927187491213,-0.2634678603895545,-0.0952927187491213,-0.0952927187491213,0.1425054207144366,0.0,-0.2684759040378583,0.0,-0.2466111771721434,0.1730013289524432,0.0902566972061544,0.0,0.1298734000108277,0.0873609848189484,-0.0904665314371113,0.0873609848189484,0.0856403441251013,0.2632580261585975
254,-0.3222461944159948,0.253386072157558,0.0,0.0,-0.0068920052719661,1.0,0.0059930480636476,0.253386072157558,0.8298573654585473,0.0,0.0,0.0073115186381415,-0.3222461944159948,0.4278437013077856,0.0,0.0,0.2940189380335117,0.0,0.4149286827268164,0.0,0.0068920052719661,0.0,0.246613927842442,-0.0137840105488466,0.0,0.0090495025788107,0.0595708977610115,0.0429701546205305,0.1902193455583579,0.0631667265992,0.1834472012481562,0.0,0.0631667265992,0.0,0.3097806544416421,0.394042910222916,0.583243437611191,0.0,0.0,0.0,0.0090495025788107,-0.0137840105488466,-0.0093491549783074,-0.0137840105488466,-0.0137840105488466,0.2646530025191813,0.0,-0.3222461944159948,0.0,-0.2910224139992308,0.0024571497063412,0.0065923528724695,0.1834472012481562,0.246613927842442,0.0024571497063412,-0.0068920052719661,0.0024571497063412,0.0,0.0090495025788107
255,-0.2936217737873621,0.2408855162715538,0.0,0.0,-0.005278215502706,1.0,0.0045897526118669,0.2408855162715538,0.822866147512735,0.0,0.0,0.005599498186854,-0.2936217737873621,0.4213239906378575,0.0,0.0,0.3188348148011318,0.0,0.4114330737563675,0.0,0.005278215502706,0.0,0.2356990958176979,-0.0105564310091757,0.0,0.006930526445989,0.0456221409683554,0.0329085262302849,0.0051864204500923,0.2356990958176979,0.0,0.0,0.2356990958176979,0.0,0.4713981916353958,0.3954377859024117,0.5871670516950371,0.1873231032859859,0.0,0.0,0.006930526445989,-0.0105564310091757,-0.0071600140737596,-0.0105564310091757,-0.0105564310091757,0.2495142511796055,0.0,-0.2936217737873621,0.0,-0.2697091626755836,0.0018817985710536,0.0050487278749354,0.0,0.2356990958176979,0.0018817985710536,-0.005278215502706,0.0018817985710536,0.0,0.006930526445989
256,-0.2943016622706395,0.2437588173957621,0.0,0.0,-0.0029749125929281,1.0,0.0046003802981053,0.2437588173957621,0.8247715144451673,0.0,0.0,0.0056124639636885,-0.2943016622706395,0.4222995767652307,0.0,0.0,0.3195730847085382,0.0,0.4123857572228137,0.0,0.0029749125929281,0.0,0.238560387658903,-0.0082653499357492,0.0,0.0,0.0457277801631671,0.0329847267374153,0.005198429736859,0.238560387658903,0.0,0.0,0.238560387658903,0.0,0.4771207753173461,0.3870913328834244,0.5862111267867243,0.1923879040667657,0.0,0.0,0.0,-0.0082653499357492,-0.0002300190149052,-0.0082653499357492,-0.0082653499357492,0.2524075323562001,0.0,-0.2943016622706395,0.0,-0.2703336809175106,-0.0027448935780228,0.0027448935780228,0.0,0.238560387658903,-0.0004293688276698,-0.0029749125929281,-0.0004293688276698,-0.002315524749893,0.0
257,-0.3241603488828525,0.2576141491436937,0.0,0.0,-0.0039168576305038,1.0,0.0060569963355184,0.2576141491436937,0.832614906267948,0.0,0.0,0.0073895355293324,-0.3241603488828525,0.429360280237319,0.0,0.0,0.2941075520651923,0.0,0.4163074531342768,0.0,0.0039168576305038,0.0,0.2507697432845578,-0.01088240341635,0.0,0.0,0.0602065435750532,0.0434286637256672,0.1968220959226717,0.0607920532210219,0.1899776900635358,0.0,0.0607920532210219,0.0,0.3115617965049741,0.3830040682824142,0.5818451629839958,0.0,0.0,0.0,0.0,-0.01088240341635,-0.0003028498167759,-0.01088240341635,-0.01088240341635,0.2690013022544684,0.0,-0.3241603488828525,0.0,-0.2926033979748014,-0.0036140078137279,0.0036140078137279,0.1899776900635358,0.2507697432845578,-0.0005653196577798,-0.0039168576305038,-0.0005653196577798,-0.0030486881553423,0.0
258,-0.2941753525444585,0.2432250153272474,0.0,0.0,-0.0034028203545093,1.0,0.0045984058866992,0.2432250153272474,0.8244175352556433,0.0,0.0,0.005610055181979,-0.2941753525444585,0.4221183323128087,0.0,0.0,0.3194359288792442,0.0,0.4122087676278216,0.0,0.0034028203545093,0.0,0.2380288166783159,-0.0086909871244709,0.0,0.0012875536480697,0.045708154506477,0.0329705702034617,0.0051961986515066,0.2380288166783159,0.0,0.0,0.2380288166783159,0.0,0.4760576333540567,0.3886419374629946,0.5863887185773274,0.1914469650516665,0.0,0.0,0.0012875536480697,-0.0086909871244709,-0.0015174739416322,-0.0086909871244709,-0.0086909871244709,0.251870018395066,0.0,-0.2941753525444585,0.0,-0.2702176578800603,-0.0018853464128771,0.0031729000609469,0.0,0.2380288166783159,0.0,-0.0034028203545093,0.0,-0.0018853464128771,0.0012875536480697
259,-0.2938983024888627,0.2420541641457579,0.0,0.0,-0.0043414010402061,1.0,0.0045940751739243,0.2420541641457579,0.8236411108470114,0.0,0.0,0.0056047717125644,-0.2938983024888627,0.4217207874243487,0.0,0.0,0.3191350887806344,0.0,0.4118205554235057,0.0,0.0043414010402061,0.0,0.2368628591986583,-0.0096245874911609,0.0,0.0041116972805681,0.0456651072333289,0.0329395190002398,0.0051913049470996,0.2368628591986583,0.0,0.0,0.2368628591986583,0.0,0.4737257183992002,0.3920430617977836,0.5867782516483532,0.1893830922717234,0.0,0.0,0.0041116972805681,-0.0096245874911609,-0.0043414010402061,-0.0096245874911609,-0.0096245874911609,0.2506910254742426,0.0,-0.2938983024888627,0.0,-0.2699631708306448,0.0,0.0041116972805681,0.0,0.2368628591986583,0.0009417854107486,-0.0043414010402061,0.0009417854107486,-0.0009417854107486,0.0041116972805681
260,-0.3238023273380191,0.2568233338387855,0.0,0.0,-0.0044733262793454,1.0,0.0060450355155567,0.2568233338387855,0.8320991385846948,0.0,0.0,0.0073749433292499,-0.3238023273380191,0.4290766208255624,0.0,0.0,0.2940909777847789,0.0,0.4160495692906548,0.0,0.0044733262793454,0.0,0.2499924437068157,-0.0114251171225741,0.0,0.001692609944085,0.0600876530150195,0.0433429046410574,0.1955871240735759,0.0612362097618243,0.1887562339416062,0.0,0.0612362097618243,0.0,0.3112286534686401,0.3850687622793508,0.582106694877879,0.0,0.0,0.0,0.001692609944085,-0.0114251171225741,-0.0019948617188473,-0.0114251171225741,-0.0114251171225741,0.2681880006057301,0.0,-0.3238023273380191,0.0,-0.2923076923089422,-0.002478464560498,0.0041710745045831,0.1887562339416062,0.2499924437068157,0.0,-0.0044733262793454,0.0,-0.002478464560498,0.001692609944085
261,-0.3230209007318592,0.2550972809498485,0.0,0.0,-0.0056878884095895,1.0,0.006018929532782,0.2550972809498485,0.8309734113788056,0.0,0.0,0.0073430940304876,-0.3230209007318592,0.4284574988351393,0.0,0.0,0.2940548023525693,0.0,0.4154867056906367,0.0,0.0056878884095895,0.0,0.2482958905770644,-0.0126096573735227,0.0,0.0053869419317165,0.0598281595617761,0.0431557247542424,0.192891644220279,0.0622056367271016,0.186090253847495,0.0,0.0622056367271016,0.0,0.3105015273041661,0.3895752140494189,0.5826775208042091,0.0,0.0,0.0,0.0053869419317165,-0.0126096573735227,-0.0056878884095895,-0.0126096573735227,-0.0126096573735227,0.2664128684709851,0.0,-0.3230209007318592,0.0,-0.2916622778633502,0.0,0.0053869419317165,0.186090253847495,0.2482958905770644,0.0012338805543437,-0.0056878884095895,0.0012338805543437,-0.0012338805543437,0.0053869419317165
262,-0.336056962765876,0.2594173656403563,0.0,0.0,-0.0076706298232825,1.0,0.0066701128909999,0.2594173656403563,0.8332305024290327,0.0,0.0,0.0081375377275668,-0.336056962765876,0.4309893444961252,0.0,0.0,0.2820457236256031,0.0,0.4166152512117816,0.0,0.0076706298232825,0.0,0.2518801380699712,-0.0153412596520345,0.0,0.010071870468418,0.0663009221458372,0.0478247094331184,0.0075372275649155,0.2518801380699712,0.0,0.0,0.2518801380699712,0.503760276145412,0.0,-0.11039036835562,0.5813503643535919,0.1815771481950035,0.0,0.0,0.010071870468418,-0.0153412596520345,-0.0104053761088659,-0.0153412596520345,-0.0153412596520345,0.0,0.231803098267788,-0.336056962765876,0.0,0.2024546015419189,0.0027347462855834,0.0073371241828346,0.0,0.2518801380699712,0.0027347462855834,-0.0076706298232825,0.0027347462855834,0.0,0.010071870468418
263,-0.3066297259492981,0.2465662123118652,0.0,0.0,-0.0925260392859598,1.0,0.0052274598460589,0.2465662123118652,0.8260432049561092,0.0865144604597771,0.0865144604597771,0.0063775010126205,-0.3066297259492981,0.4242867784474904,0.0,0.0,0.3940720605334117,0.0,0.4130216024801978,0.0,0.0925260392859598,0.0,0.2406591826873188,-0.098537618107856,0.0,0.0944079248296837,0.0519609508771131,0.0374808870998862,0.0059070296245463,0.2406591826873188,0.0,0.0,0.2406591826873188,0.4813183653746377,0.0,0.0,0.5853840222687903,0.1855617559025703,0.0,0.0,0.0078934643699066,-0.098537618107856,-0.0946692978230583,-0.098537618107856,-0.098537618107856,0.0,0.2249245285504671,-0.3066297259492981,0.0,0.1154092447637439,0.0021432585370984,0.0057502058328081,0.0,0.2406591826873188,0.0021432585370984,-0.0925260392859598,0.0021432585370984,0.0,0.0944079248296837
264,-0.3271151747131774,0.2358550234982346,0.0,0.0,-0.0250327587583965,1.0,0.0064049702569193,0.2358550234982346,0.8177759274573069,0.0,0.0,0.0078140637134416,-0.3271151747131774,0.4226906746259097,0.0,0.0,0.2796676887889002,0.0,0.4088879637222484,0.0,0.0250327587583965,0.0,0.2286174071079157,-0.0323984745538537,0.0,0.062672633963956,0.0636654043537785,0.0459236367421118,0.0072376163903188,0.2286174071079157,0.0,0.0,0.2286174071079157,0.4572348142158314,0.0,0.0,0.5891585203493911,0.1434419776370463,0.0,0.0,0.062672633963956,-0.0323984745538537,-0.062992882476802,-0.0323984745538537,-0.0323984745538537,0.0,0.2093384466345884,-0.3271151747131774,0.0,0.1634895345412039,0.0379601237184054,0.0247125102455505,0.0,0.2286174071079157,0.0202930807682761,-0.0250327587583965,0.0202930807682761,0.0176670429629392,0.062672633963956
265,-0.3578364993967449,0.2689286957830972,0.0,0.0,-0.0088985182007735,1.0,0.0077378419150955,0.2689286957830972,0.8385499284204349,0.0,0.0,0.009440167137051,-0.3578364993967449,0.4359500135389931,0.0,0.0,0.2631640035580959,0.0,0.4192749642133899,0.0,0.0088985182007735,0.0,0.26018493442126,-0.0177970364078922,0.0,0.0116841412952839,0.0769141486468359,0.0554803265366281,0.1368050450741168,0.1321236507153254,0.1280612837059346,0.0,0.1321236507153254,0.3923085851365854,0.0,0.0,0.5783649939991747,0.0505667969194321,0.0,0.0,0.0116841412952839,-0.0177970364078922,-0.01207103338628,-0.0177970364078922,-0.0177970364078922,0.0,0.1088327465442256,-0.3578364993967449,0.0,0.0747862421178053,0.0031725151855064,0.0085116261097775,0.1280612837059346,0.26018493442126,0.0031725151855064,-0.0088985182007735,0.0031725151855064,0.0,0.0116841412952839
266,-0.336056962765876,0.2594173656403563,0.0,0.0,-0.0076706298232825,1.0,0.0066701128909999,0.2594173656403563,0.8332305024290327,0.0,0.0,0.0081375377275668,-0.336056962765876,0.4309893444961252,0.0,0.0,0.2820457236256031,0.0,0.4166152512117816,0.0,0.0076706298232825,0.0,0.2518801380699712,-0.0153412596520345,0.0,0.010071870468418,0.0663009221458372,0.0478247094331184,0.0075372275649155,0.2518801380699712,0.0,0.0,0.2518801380699712,0.3933699077843223,0.11039036835562,0.0,0.5813503643535919,0.1815771481950035,0.0,0.0,0.010071870468418,-0.0153412596520345,-0.0104053761088659,-0.0153412596520345,-0.0153412596520345,0.0,0.1214127299121679,-0.336056962765876,0.0,0.0920642331862988,0.0027347462855834,0.0073371241828346,0.0,0.2518801380699712,0.0027347462855834,-0.0076706298232825,0.0027347462855834,0.0,0.010071870468418
267,-0.2878414458821113,0.1443828301499281,0.0,0.0,-0.1064386937769562,1.0,0.0051345245430273,0.1443828301499281,0.7580098582871226,0.0160710618196755,0.0160710618196755,0.0062641199424933,-0.2878414458821113,0.3900698295337852,0.0,0.0,0.2914869583076607,0.0,0.3790049291435613,0.0,0.1064386937769562,0.0,0.1385808174163072,-0.1123433970014376,0.0,0.2772129800780448,0.0510371739576915,0.0368145409735058,0.0058020127336208,0.1385808174163072,0.0,0.0,0.1385808174163072,0.2771616348326145,0.0,0.4378722530293695,0.6194290408708154,0.0,0.0,0.0,0.2611419182583693,-0.1123433970014376,-0.2774697063051961,-0.1123433970014376,-0.1123433970014376,0.0,0.123125898541795,-0.2878414458821113,0.0,0.0,0.1710310125282398,0.0901109057301293,0.0,0.1385808174163072,0.0865680837954405,-0.1064386937769562,0.0865680837954405,0.0844629287327993,0.2772129800780448
268,-0.293481451729494,0.1472274152950908,0.0,0.0,-0.0903388285482301,1.0,0.005407660337154,0.1472274152950908,0.7596449484777883,0.0,0.0,0.0065973456113279,-0.293481451729494,0.3914759822600535,0.0,0.0,0.2707229269314032,0.0,0.3798224742334865,0.0,0.0903388285482301,0.0,0.1411167591141068,-0.0965576379359573,0.0,0.2605256245906116,0.0537521437513113,0.0387729246173946,0.006110656180984,0.1411167591141068,0.0,0.0,0.1411167591141068,0.2822335182282136,0.0,0.4152233363723029,0.6185281893636815,0.0,0.0,0.0,0.2605256245906116,-0.0965576379359573,-0.2607960076074693,-0.0965576379359573,-0.0965576379359573,0.0,0.124839701499273,-0.293481451729494,0.0,0.0169259768552922,0.1704571790592391,0.0900684455313724,0.0,0.1411167591141068,0.0863371598987361,-0.0903388285482301,0.0863371598987361,0.084120019160503,0.2605256245906116
269,-0.3581730769249264,0.2690756823837147,0.0,0.0,-0.0331885856071495,1.0,0.0077543424309827,0.2690756823837147,0.8386321339918555,0.024271091813109,0.024271091813109,0.0094602977664348,-0.3581730769249264,0.4360266749396234,0.0,0.0,0.2871433002456791,0.0,0.4193160669959277,0.0,0.0331885856071495,0.0,0.2603132754325712,-0.0421060794075486,0.0,0.0359801488810316,0.077078163774778,0.055598635235551,0.1873449131503471,0.0817307692333676,0.1785825062055621,0.0,0.0817307692333676,0.3420440446659389,0.0,0.0745192307684206,0.5783188585592842,0.0,0.0,0.0,0.0117090570742811,-0.0421060794075486,-0.0363678660041704,-0.0421060794075486,-0.0421060794075486,0.0,0.0583901985094331,-0.3581730769249264,0.0,0.0,0.0031792803970208,0.0085297766772603,0.1785825062055621,0.2603132754325712,0.0031792803970208,-0.0331885856071495,0.0031792803970208,0.0,0.0359801488810316
270,-0.3662428687841823,0.2725998369987252,0.0,0.0,-0.0093724531351553,1.0,0.0081499592494139,0.2725998369987252,0.8406030969853255,0.0,0.0,0.0099429502849533,-0.3662428687841823,0.4378647106769877,0.0,0.0,0.2558761206198633,0.0,0.4203015484960042,0.0,0.0093724531351553,0.0,0.2633903830492264,-0.0187449062769936,0.0,0.0123064384702907,0.0810105949505361,0.0584352078239788,0.1866992665052237,0.0859005705001845,0.1774898125490419,0.0,0.0859005705001845,0.349290953549411,0.0,0.0426079869595451,0.5772127139360991,0.0,0.0,0.0,0.0123064384702907,-0.0187449062769936,-0.0127139364277492,-0.0187449062769936,-0.0187449062769936,0.0,0.0613691931524313,-0.3662428687841823,0.0,0.0255093724550097,0.0033414832925938,0.0089649551776968,0.1774898125490419,0.2633903830492264,0.0033414832925938,-0.0093724531351553,0.0033414832925938,0.0,0.0123064384702907
271,-0.293481451729494,0.1472274152950908,0.0,0.0,-0.0903388285482301,1.0,0.005407660337154,0.1472274152950908,0.7596449484777883,0.0,0.0,0.0065973456113279,-0.293481451729494,0.3914759822600535,0.0,0.0,0.2707229269314032,0.0,0.3798224742334865,0.0,0.0903388285482301,0.0,0.1411167591141068,-0.0965576379359573,0.0,0.2605256245906116,0.0537521437513113,0.0387729246173946,0.006110656180984,0.1411167591141068,0.0,0.0,0.1411167591141068,0.1573938167289405,0.124839701499273,0.5400630378715761,0.6185281893636815,0.0,0.0,0.0,0.2605256245906116,-0.0965576379359573,-0.2607960076074693,-0.0965576379359573,-0.0965576379359573,0.0,0.0,-0.293481451729494,0.0,-0.1079137246439808,0.1704571790592391,0.0900684455313724,0.0,0.1411167591141068,0.0863371598987361,-0.0903388285482301,0.0863371598987361,0.084120019160503,0.2605256245906116
272,-0.293481451729494,0.1472274152950908,0.0,0.0,-0.0903388285482301,1.0,0.005407660337154,0.1472274152950908,0.7596449484777883,0.0,0.0,0.0065973456113279,-0.293481451729494,0.3914759822600535,0.0,0.0,0.2707229269314032,0.0,0.3798224742334865,0.0,0.0903388285482301,0.0,0.1411167591141068,-0.0965576379359573,0.0,0.2605256245906116,0.0537521437513113,0.0387729246173946,0.006110656180984,0.1411167591141068,0.0,0.0,0.1411167591141068,0.2653075413729214,0.0169259768552922,0.4321493132275952,0.6185281893636815,0.0,0.0,0.0,0.2605256245906116,-0.0965576379359573,-0.2607960076074693,-0.0965576379359573,-0.0965576379359573,0.0,0.1079137246439808,-0.293481451729494,0.0,0.0,0.1704571790592391,0.0900684455313724,0.0,0.1411167591141068,0.0863371598987361,-0.0903388285482301,0.0863371598987361,0.084120019160503,0.2605256245906116
273,-0.3662428687841823,0.2725998369987252,0.0,0.0,-0.0093724531351553,1.0,0.0081499592494139,0.2725998369987252,0.8406030969853255,0.0,0.0,0.0099429502849533,-0.3662428687841823,0.4378647106769877,0.0,0.0,0.2558761206198633,0.0,0.4203015484960042,0.0,0.0093724531351553,0.0,0.2633903830492264,-0.0187449062769936,0.0,0.0123064384702907,0.0810105949505361,0.0584352078239788,0.1866992665052237,0.0859005705001845,0.1774898125490419,0.0,0.0859005705001845,0.2879217603902967,0.0613691931524313,0.1039771801119764,0.5772127139360991,0.0,0.0,0.0,0.0123064384702907,-0.0187449062769936,-0.0127139364277492,-0.0187449062769936,-0.0187449062769936,0.0,0.0,-0.3662428687841823,0.0,-0.0358598207041045,0.0033414832925938,0.0089649551776968,0.1774898125490419,0.2633903830492264,0.0033414832925938,-0.0093724531351553,0.0033414832925938,0.0,0.0123064384702907
274,-0.3662428687841823,0.2725998369987252,0.0,0.0,-0.0093724531351553,1.0,0.0081499592494139,0.2725998369987252,0.8406030969853255,0.0,0.0,0.0099429502849533,-0.3662428687841823,0.4378647106769877,0.0,0.0,0.2558761206198633,0.0,0.4203015484960042,0.0,0.0093724531351553,0.0,0.2633903830492264,-0.0187449062769936,0.0,0.0123064384702907,0.0810105949505361,0.0584352078239788,0.1866992665052237,0.0859005705001845,0.1774898125490419,0.0,0.0859005705001845,0.3237815810944013,0.0255093724550097,0.0681173594145548,0.5772127139360991,0.0,0.0,0.0,0.0123064384702907,-0.0187449062769936,-0.0127139364277492,-0.0187449062769936,-0.0187449062769936,0.0,0.0358598207041045,-0.3662428687841823,0.0,0.0,0.0033414832925938,0.0089649551776968,0.1774898125490419,0.2633903830492264,0.0033414832925938,-0.0093724531351553,0.0033414832925938,0.0,0.0123064384702907
275,-0.2676135704457971,0.2295274872794102,0.0,0.0,-0.2050317384021131,1.0,0.0033147156799343,0.2295274872794102,0.8165139135188192,0.2012198153708682,0.2012198153708682,0.0040439531297917,-0.2676135704457971,0.4154001690517746,0.0,0.0,0.5426023832797878,0.0,0.4082569567594096,0.0,0.2050317384021131,0.0,0.2257818585620357,-0.2088436614360762,0.0,0.2062250360490639,0.0329482738631681,0.0237665114274396,0.0037456287173744,0.2257818585620357,0.0,0.0,0.2257818585620357,0.4515637171213533,0.0,0.146361270863198,0.5907320549595015,0.1908447552909069,0.0,0.0,0.0050052206781958,-0.2088436614360762,-0.2063907718310221,-0.2088436614360762,-0.2088436614360762,0.0,0.2158045643625793,-0.2676135704457971,0.0,0.0,0.0013590334289089,0.0036461872492868,0.0,0.2257818585620357,0.0013590334289089,-0.2050317384021131,0.0013590334289089,0.0,0.2062250360490639
276,-0.336056962765876,0.2594173656403563,0.0,0.0,-0.0076706298232825,1.0,0.0066701128909999,0.2594173656403563,0.8332305024290327,0.0,0.0,0.0081375377275668,-0.336056962765876,0.4309893444961252,0.0,0.0,0.2820457236256031,0.0,0.4166152512117816,0.0,0.0076706298232825,0.0,0.2518801380699712,-0.0153412596520345,0.0,0.010071870468418,0.0663009221458372,0.0478247094331184,0.0075372275649155,0.2518801380699712,0.0,0.0,0.2518801380699712,0.2719571778776239,0.231803098267788,0.1214127299121679,0.5813503643535919,0.1815771481950035,0.0,0.0,0.010071870468418,-0.0153412596520345,-0.0104053761088659,-0.0153412596520345,-0.0153412596520345,0.0,0.0,-0.336056962765876,0.0,-0.029348496725869,0.0027347462855834,0.0073371241828346,0.0,0.2518801380699712,0.0027347462855834,-0.0076706298232825,0.0027347462855834,0.0,0.010071870468418
277,-0.336056962765876,0.2594173656403563,0.0,0.0,-0.0076706298232825,1.0,0.0066701128909999,0.2594173656403563,0.8332305024290327,0.0,0.0,0.0081375377275668,-0.336056962765876,0.4309893444961252,0.0,0.0,0.2820457236256031,0.0,0.4166152512117816,0.0,0.0076706298232825,0.0,0.2518801380699712,-0.0153412596520345,0.0,0.010071870468418,0.0663009221458372,0.0478247094331184,0.0075372275649155,0.2518801380699712,0.0,0.0,0.2518801380699712,0.3013056745980235,0.2024546015419189,0.0920642331862988,0.5813503643535919,0.1815771481950035,0.0,0.0,0.010071870468418,-0.0153412596520345,-0.0104053761088659,-0.0153412596520345,-0.0153412596520345,0.0,0.029348496725869,-0.336056962765876,0.0,0.0,0.0027347462855834,0.0073371241828346,0.0,0.2518801380699712,0.0027347462855834,-0.0076706298232825,0.0027347462855834,0.0,0.010071870468418
278,-0.3377691153081524,0.2639290274884065,0.0,0.0,-0.0043461702177565,1.0,0.0067208817796894,0.2639290274884065,0.8361897080899254,0.0,0.0,0.0081994757712211,-0.3377691153081524,0.4325783542798576,0.0,0.0,0.2825010641393911,0.0,0.4180948540446266,0.0,0.0043461702177565,0.0,0.2563344310773573,-0.0120751842643994,0.0,0.0,0.0668055648901135,0.0481887223603736,0.0075945964110491,0.2563344310773573,0.0,0.0,0.2563344310773573,0.5126688621547147,0.0,-0.1315276564285234,0.579855277012568,0.1888791809483164,0.0,0.0,0.0,-0.0120751842643994,-0.0003360440889844,-0.0120751842643994,-0.0120751842643994,0.0,0.236104576920492,-0.3377691153081524,0.0,0.2099155409187445,-0.004010126128772,0.004010126128772,0.0,0.2563344310773573,-0.0006272822992136,-0.0043461702177565,-0.0006272822992136,-0.0033828438288863,0.0
279,-0.3648763681944863,0.2765076109468942,0.0,0.0,-0.0052013164159176,1.0,0.0080432728077054,0.2765076109468942,0.8433103429788261,0.0,0.0,0.0098127928254006,-0.3648763681944863,0.4389884243896161,0.0,0.0,0.2593821425935533,0.0,0.4216551714890109,0.0,0.0052013164159176,0.0,0.2674187126741871,-0.0144510801447789,0.0,0.0,0.0799501317085922,0.0576702660312481,0.1664957471195029,0.1100118638273913,0.1574068488467957,0.0,0.1100118638273913,0.3774305765015784,0.0,0.0,0.575891630304639,0.0292842157471195,0.0,0.0,0.0,-0.0144510801447789,-0.0004021636403852,-0.0144510801447789,-0.0144510801447789,0.0,0.0858016126761979,-0.3648763681944863,0.0,0.0544596596352375,-0.0047991527755323,0.0047991527755323,0.1574068488467957,0.2674187126741871,-0.0007507054617844,-0.0052013164159176,-0.0007507054617844,-0.0040484473129436,0.0
280,-0.3036778528013217,0.2481096527829114,0.0,0.0,-0.1022515573767628,1.0,0.0050577851957278,0.2481096527829114,0.8272344873509175,0.0989808562827639,0.0989808562827639,0.0061704979392222,-0.3036778528013217,0.4245167707728801,0.0,0.0,0.4105572836320292,0.0,0.4136172436759308,0.0,0.1022515573767628,0.0,0.242394355512126,-0.1080680103513306,0.0,0.0989808562827639,0.0502743848468755,0.0362643198546055,0.0057152972717295,0.242394355512126,0.0,0.0,0.242394355512126,0.4847887110233079,0.0,0.0,0.5848401318397356,0.1916310514295155,0.0,0.0,0.0,-0.1080680103513306,-0.0992337455426919,-0.1080680103513306,-0.1080680103513306,0.0,0.2271704220725792,-0.3036778528013217,0.0,0.1084810628089927,-0.0030178118331268,0.0030178118331268,0.0,0.242394355512126,-0.0004720599516138,-0.1022515573767628,-0.0004720599516138,-0.0025457518815129,0.0989808562827639
281,-0.3377691153081524,0.2639290274884065,0.0,0.0,-0.0043461702177565,1.0,0.0067208817796894,0.2639290274884065,0.8361897080899254,0.0,0.0,0.0081994757712211,-0.3377691153081524,0.4325783542798576,0.0,0.0,0.2825010641393911,0.0,0.4180948540446266,0.0,0.0043461702177565,0.0,0.2563344310773573,-0.0120751842643994,0.0,0.0,0.0668055648901135,0.0481887223603736,0.0075945964110491,0.2563344310773573,0.0,0.0,0.2563344310773573,0.3811412057261913,0.1315276564285234,0.0,0.579855277012568,0.1888791809483164,0.0,0.0,0.0,-0.0120751842643994,-0.0003360440889844,-0.0120751842643994,-0.0120751842643994,0.0,0.1045769204919685,-0.3377691153081524,0.0,0.0783878844902211,-0.004010126128772,0.004010126128772,0.0,0.2563344310773573,-0.0006272822992136,-0.0043461702177565,-0.0006272822992136,-0.0033828438288863,0.0
282,-0.3698503010549716,0.2788156659113741,0.0,0.0,-0.0053582279182993,1.0,0.0082859194608605,0.2788156659113741,0.8446169143233594,0.0,0.0,0.0101088217422498,-0.3698503010549716,0.4401646135998342,0.0,0.0,0.2551400320388181,0.0,0.4223084571616797,0.0,0.0053582279182993,0.0,0.2694525769206016,-0.0148870352982889,0.0,0.0,0.0823620394409538,0.0594100425343701,0.1956526542564227,0.0831630116557799,0.1862895652656503,0.0,0.0831630116557799,0.3526155885763816,0.0,0.0241341214166093,0.5751643374027577,0.0,0.0,0.0,0.0,-0.0148870352982889,-0.000414295973043,-0.0148870352982889,-0.0148870352982889,0.0,0.0582223940785896,-0.3698503010549716,0.0,0.0259349279124935,-0.0049439319452563,0.0049439319452563,0.1862895652656503,0.2694525769206016,-0.0007733524827374,-0.0053582279182993,-0.0007733524827374,-0.0041705794616902,0.0
283,-0.361474635018188,0.2749291040852483,0.0,0.0,-0.0297500262575547,1.0,0.007877323810319,0.2749291040852483,0.8424167629462298,0.024656023527166,0.024656023527166,0.0096103350492655,-0.361474635018188,0.4381840142838598,0.0,0.0,0.2869393971219117,0.0,0.4212083814723796,0.0,0.0297500262575547,0.0,0.2660277281801907,-0.0388089486400832,0.0,0.024656023527166,0.0783005986766589,0.0564804117219135,0.1958670307748319,0.0790620733118868,0.1869656548683039,0.0,0.0790620733118868,0.3450898014920775,0.0,0.0574624514238362,0.576389034766039,0.0,0.0,0.0,0.0,-0.0388089486400832,-0.0250498897179025,-0.0388089486400832,-0.0388089486400832,0.0,0.0553513286421943,-0.361474635018188,0.0,0.0,-0.0047001365396521,0.0047001365396521,0.1869656548683039,0.2660277281801907,-0.0007352168889827,-0.0297500262575547,-0.0007352168889827,-0.0039649196506694,0.024656023527166
284,-0.3698503010549716,0.2788156659113741,0.0,0.0,-0.0053582279182993,1.0,0.0082859194608605,0.2788156659113741,0.8446169143233594,0.0,0.0,0.0101088217422498,-0.3698503010549716,0.4401646135998342,0.0,0.0,0.2551400320388181,0.0,0.4223084571616797,0.0,0.0053582279182993,0.0,0.2694525769206016,-0.0148870352982889,0.0,0.0,0.0823620394409538,0.0594100425343701,0.1956526542564227,0.0831630116557799,0.1862895652656503,0.0,0.0831630116557799,0.294393194497792,0.0582223940785896,0.0823565154943704,0.5751643374027577,0.0,0.0,0.0,0.0,-0.0148870352982889,-0.000414295973043,-0.0148870352982889,-0.0148870352982889,0.0,0.0,-0.3698503010549716,0.0,-0.0322874661660961,-0.0049439319452563,0.0049439319452563,0.1862895652656503,0.2694525769206016,-0.0007733524827374,-0.0053582279182993,-0.0007733524827374,-0.0041705794616902,0.0
285,-0.3698503010549716,0.2788156659113741,0.0,0.0,-0.0053582279182993,1.0,0.0082859194608605,0.2788156659113741,0.8446169143233594,0.0,0.0,0.0101088217422498,-0.3698503010549716,0.4401646135998342,0.0,0.0,0.2551400320388181,0.0,0.4223084571616797,0.0,0.0053582279182993,0.0,0.2694525769206016,-0.0148870352982889,0.0,0.0,0.0823620394409538,0.0594100425343701,0.1956526542564227,0.0831630116557799,0.1862895652656503,0.0,0.0831630116557799,0.3266806606638881,0.0259349279124935,0.0500690493291028,0.5751643374027577,0.0,0.0,0.0,0.0,-0.0148870352982889,-0.000414295973043,-0.0148870352982889,-0.0148870352982889,0.0,0.0322874661660961,-0.3698503010549716,0.0,0.0,-0.0049439319452563,0.0049439319452563,0.1862895652656503,0.2694525769206016,-0.0007733524827374,-0.0053582279182993,-0.0007733524827374,-0.0041705794616902,0.0
286,-0.3608545397432364,0.2738297203891133,0.0,0.0,-0.030395852970173,1.0,0.00785422557462,0.2738297203891133,0.8417059377956907,0.0245837260433707,0.0245837260433707,0.0095821552013883,-0.3608545397432364,0.437778825007501,0.0,0.0,0.286977693997667,0.0,0.4208529688956461,0.0,0.030395852970173,0.0,0.2649544454905843,-0.0394282123770276,0.0,0.0267829092039125,0.0780710021992322,0.0563147973629006,0.1942664153321987,0.0795633050569146,0.1853911404336697,0.0,0.0795633050569146,0.3445177505518973,0.0,0.0606660383292872,0.5767514923051064,0.0,0.0,0.0,0.0021991831605417,-0.0394282123770276,-0.0271756204857223,-0.0394282123770276,-0.0394282123770276,0.0,0.0559220860810907,-0.3608545397432364,0.0,0.0,-0.0032202324844506,0.0054194156449924,0.1853911404336697,0.2649544454905843,0.0,-0.030395852970173,0.0,-0.0032202324844506,0.0267829092039125
287,-0.3691723112492268,0.2776474475441381,0.0,0.0,-0.0061126714006156,1.0,0.0082603667615894,0.2776474475441381,0.8438625474954359,0.0,0.0,0.0100776474495091,-0.3691723112492268,0.4397323641174167,0.0,0.0,0.2552783743606371,0.0,0.4219312737477179,0.0,0.0061126714006156,0.0,0.2683132331090005,-0.0156120931769061,0.0,0.0023129026928749,0.0821080455970617,0.0592268296731024,0.1939699322639471,0.0836775152801909,0.1846357178241837,0.0,0.0836775152801909,0.3519907483891915,0.0,0.0276061457134757,0.5755493143864354,0.0,0.0,0.0,0.0023129026928749,-0.0156120931769061,-0.0027259210295667,-0.0156120931769061,-0.0156120931769061,0.0,0.0588138113317849,-0.3691723112492268,0.0,0.0258549479583164,-0.0033867503710489,0.0056996530639239,0.1846357178241837,0.2683132331090005,0.0,-0.0061126714006156,0.0,-0.0033867503710489,0.0023129026928749
288,-0.3691723112492268,0.2776474475441381,0.0,0.0,-0.0061126714006156,1.0,0.0082603667615894,0.2776474475441381,0.8438625474954359,0.0,0.0,0.0100776474495091,-0.3691723112492268,0.4397323641174167,0.0,0.0,0.2552783743606371,0.0,0.4219312737477179,0.0,0.0061126714006156,0.0,0.2683132331090005,-0.0156120931769061,0.0,0.0023129026928749,0.0821080455970617,0.0592268296731024,0.1939699322639471,0.0836775152801909,0.1846357178241837,0.0,0.0836775152801909,0.2931769370574065,0.0588138113317849,0.0864199570452606,0.5755493143864354,0.0,0.0,0.0,0.0023129026928749,-0.0156120931769061,-0.0027259210295667,-0.0156120931769061,-0.0156120931769061,0.0,0.0,-0.3691723112492268,0.0,-0.0329588633734684,-0.0033867503710489,0.0056996530639239,0.1846357178241837,0.2683132331090005,0.0,-0.0061126714006156,0.0,-0.0033867503710489,0.0023129026928749
289,-0.3691723112492268,0.2776474475441381,0.0,0.0,-0.0061126714006156,1.0,0.0082603667615894,0.2776474475441381,0.8438625474954359,0.0,0.0,0.0100776474495091,-0.3691723112492268,0.4397323641174167,0.0,0.0,0.2552783743606371,0.0,0.4219312737477179,0.0,0.0061126714006156,0.0,0.2683132331090005,-0.0156120931769061,0.0,0.0023129026928749,0.0821080455970617,0.0592268296731024,0.1939699322639471,0.0836775152801909,0.1846357178241837,0.0,0.0836775152801909,0.326135800430875,0.0258549479583164,0.0534610936717922,0.5755493143864354,0.0,0.0,0.0,0.0023129026928749,-0.0156120931769061,-0.0027259210295667,-0.0156120931769061,-0.0156120931769061,0.0,0.0329588633734684,-0.3691723112492268,0.0,0.0,-0.0033867503710489,0.0056996530639239,0.1846357178241837,0.2683132331090005,0.0,-0.0061126714006156,0.0,-0.0033867503710489,0.0023129026928749
290,-0.3374496644311475,0.2630872483225714,0.0,0.0,-0.0049664429514173,1.0,0.0067114093970577,0.2630872483225714,0.8356375838928896,0.0,0.0,0.0081879194647111,-0.3374496644311475,0.4322818791958641,0.0,0.0,0.2824161073835421,0.0,0.4178187919464448,0.0,0.0049664429514173,0.0,0.2555033557045726,-0.0126845637584096,0.0,0.0018791946308755,0.0667114093960806,0.0481208053708157,0.0075838926179987,0.2555033557045726,0.0,0.0,0.2555033557045726,0.5110067114091452,0.0,-0.1275838926160444,0.580134228188317,0.1875167785243288,0.0,0.0,0.0018791946308755,-0.0126845637584096,-0.0022147650996008,-0.0126845637584096,-0.0126845637584096,0.0,0.2353020134226608,-0.3374496644311475,0.0,0.2085234899326848,-0.0027516778518165,0.004630872482692,0.0,0.2555033557045726,0.0,-0.0049664429514173,0.0,-0.0027516778518165,0.0018791946308755
291,-0.3042106602201246,0.2478310647508459,0.0,0.0,-0.10049612008691,1.0,0.0050884111444345,0.2478310647508459,0.8270194631722173,0.0967306958390026,0.0967306958390026,0.0062078615964381,-0.3042106602201246,0.4244752576,0.0,0.0,0.4075817326048085,0.0,0.4135097315875334,0.0,0.10049612008691,0.0,0.2420811601581478,-0.1063477929004452,0.0,0.0981554509592163,0.0505788067675868,0.0364839079009795,0.0057499045926981,0.2420811601581478,0.0,0.0,0.2420811601581478,0.4841623203162957,0.0,0.0,0.5849383030140695,0.1905355552740872,0.0,0.0,0.0014247551202137,-0.1063477929004452,-0.0984098715184327,-0.1063477929004452,-0.1063477929004452,0.0,0.2267650426158504,-0.3042106602201246,0.0,0.1097315863109528,-0.0020862485684772,0.003511003688691,0.0,0.2420811601581478,0.0,-0.10049612008691,0.0,-0.0020862485684772,0.0981554509592163
292,-0.3374496644311475,0.2630872483225714,0.0,0.0,-0.0049664429514173,1.0,0.0067114093970577,0.2630872483225714,0.8356375838928896,0.0,0.0,0.0081879194647111,-0.3374496644311475,0.4322818791958641,0.0,0.0,0.2824161073835421,0.0,0.4178187919464448,0.0,0.0049664429514173,0.0,0.2555033557045726,-0.0126845637584096,0.0,0.0018791946308755,0.0667114093960806,0.0481208053708157,0.0075838926179987,0.2555033557045726,0.0,0.0,0.2555033557045726,0.3834228187931008,0.1275838926160444,0.0,0.580134228188317,0.1875167785243288,0.0,0.0,0.0018791946308755,-0.0126845637584096,-0.0022147650996008,-0.0126845637584096,-0.0126845637584096,0.0,0.1077181208066164,-0.3374496644311475,0.0,0.0809395973166404,-0.0027516778518165,0.004630872482692,0.0,0.2555033557045726,0.0,-0.0049664429514173,0.0,-0.0027516778518165,0.0018791946308755
293,-0.3635292943416235,0.2750573909567183,0.0,0.0,-0.0059087733287591,1.0,0.0079848288265147,0.2750573909567183,0.8423994410631592,0.0,0.0,0.0097414911687056,-0.3635292943416235,0.4384070266490075,0.0,0.0,0.2601057989814617,0.0,0.4211997205293438,0.0,0.0059087733287591,0.0,0.2660345343835615,-0.0150913264796982,0.0,0.0022357520710664,0.0793691985228573,0.0572512226788667,0.1608144525389988,0.1142429384177194,0.151791595965842,0.0,0.1142429384177194,0.3802774728012809,0.0,0.0,0.5763649066795976,0.0333566224193445,0.0,0.0,0.0022357520710664,-0.0150913264796982,-0.0026349935110506,-0.0150913264796982,-0.0150913264796982,0.0,0.0902086036537556,-0.3635292943416235,0.0,0.0583491366410593,-0.0032737798177084,0.0055095318887748,0.151791595965842,0.2660345343835615,0.0,-0.0059087733287591,0.0,-0.0032737798177084,0.0022357520710664
294,-0.3377691153081524,0.2639290274884065,0.0,0.0,-0.0043461702177565,1.0,0.0067208817796894,0.2639290274884065,0.8361897080899254,0.0,0.0,0.0081994757712211,-0.3377691153081524,0.4325783542798576,0.0,0.0,0.2825010641393911,0.0,0.4180948540446266,0.0,0.0043461702177565,0.0,0.2563344310773573,-0.0120751842643994,0.0,0.0,0.0668055648901135,0.0481887223603736,0.0075945964110491,0.2563344310773573,0.0,0.0,0.2563344310773573,0.2765642852342227,0.236104576920492,0.1045769204919685,0.579855277012568,0.1888791809483164,0.0,0.0,0.0,-0.0120751842643994,-0.0003360440889844,-0.0120751842643994,-0.0120751842643994,0.0,0.0,-0.3377691153081524,0.0,-0.0261890360017474,-0.004010126128772,0.004010126128772,0.0,0.2563344310773573,-0.0006272822992136,-0.0043461702177565,-0.0006272822992136,-0.0033828438288863,0.0
295,-0.2672182933097644,0.2311913167989064,0.0,0.0,-0.2069583656694062,1.0,0.0032791544152948,0.2311913167989064,0.817657153475834,0.2048378458143005,0.2048378458143005,0.0040005683869412,-0.2672182933097644,0.4158951545026724,0.0,0.0,0.5475094822214867,0.0,0.4088285767376109,0.0,0.2069583656694062,0.0,0.2274858723098742,-0.2107293932472707,0.0,0.2048378458143005,0.0325947948888998,0.0235115371584658,0.0037054444896443,0.2274858723098742,0.0,0.0,0.2274858723098742,0.4549717446197484,0.0,0.1406647939054442,0.5901712811659598,0.1945740924940666,0.0,0.0,0.0,-0.2107293932472707,-0.2050018035351571,-0.2107293932472707,-0.2107293932472707,0.0,0.2176156175195735,-0.2672182933097644,0.0,0.0,-0.001956562134249,0.001956562134249,0.0,0.2274858723098742,-0.0003060544121023,-0.2069583656694062,-0.0003060544121023,-0.0016505077221467,0.2048378458143005
296,-0.3377691153081524,0.2639290274884065,0.0,0.0,-0.0043461702177565,1.0,0.0067208817796894,0.2639290274884065,0.8361897080899254,0.0,0.0,0.0081994757712211,-0.3377691153081524,0.4325783542798576,0.0,0.0,0.2825010641393911,0.0,0.4180948540446266,0.0,0.0043461702177565,0.0,0.2563344310773573,-0.0120751842643994,0.0,0.0,0.0668055648901135,0.0481887223603736,0.0075945964110491,0.2563344310773573,0.0,0.0,0.2563344310773573,0.3027533212359701,0.2099155409187445,0.0783878844902211,0.579855277012568,0.1888791809483164,0.0,0.0,0.0,-0.0120751842643994,-0.0003360440889844,-0.0120751842643994,-0.0120751842643994,0.0,0.0261890360017474,-0.3377691153081524,0.0,0.0,-0.004010126128772,0.004010126128772,0.0,0.2563344310773573,-0.0006272822992136,-0.0043461702177565,-0.0006272822992136,-0.0033828438288863,0.0
297,-0.3374496644311475,0.2630872483225714,0.0,0.0,-0.0049664429514173,1.0,0.0067114093970577,0.2630872483225714,0.8356375838928896,0.0,0.0,0.0081879194647111,-0.3374496644311475,0.4322818791958641,0.0,0.0,0.2824161073835421,0.0,0.4178187919464448,0.0,0.0049664429514173,0.0,0.2555033557045726,-0.0126845637584096,0.0,0.0018791946308755,0.0667114093960806,0.0481208053708157,0.0075838926179987,0.2555033557045726,0.0,0.0,0.2555033557045726,0.2757046979864843,0.2353020134226608,0.1077181208066164,0.580134228188317,0.1875167785243288,0.0,0.0,0.0018791946308755,-0.0126845637584096,-0.0022147650996008,-0.0126845637584096,-0.0126845637584096,0.0,0.0,-0.3374496644311475,0.0,-0.026778523489976,-0.0027516778518165,0.004630872482692,0.0,0.2555033557045726,0.0,-0.0049664429514173,0.0,-0.0027516778518165,0.0018791946308755
298,-0.2672909479221336,0.230885493674843,0.0,0.0,-0.2066042385417333,1.0,0.0032856908170207,0.230885493674843,0.8174470182360618,0.2041728273364755,0.2041728273364755,0.0040085427969125,-0.2672909479221336,0.4158041728271833,0.0,0.0,0.5466075242313249,0.0,0.4087235091171108,0.0,0.2066042385417333,0.0,0.2271726630519407,-0.2103827829796511,0.0,0.2050928207650941,0.0326597667159606,0.0235584031550579,0.0037128306229022,0.2271726630519407,0.0,0.0,0.2271726630519407,0.4543453261057215,0.0,0.1417118449156935,0.590274355184121,0.1938886150813717,0.0,0.0,0.0009199934286186,-0.2103827829796511,-0.2052571053072331,-0.2103827829796511,-0.2103827829796511,0.0,0.2172827336942907,-0.2672909479221336,0.0,0.0,-0.0013471332345001,0.0022671266631187,0.0,0.2271726630519407,0.0,-0.2066042385417333,0.0,-0.0013471332345001,0.2050928207650941
299,-0.3374496644311475,0.2630872483225714,0.0,0.0,-0.0049664429514173,1.0,0.0067114093970577,0.2630872483225714,0.8356375838928896,0.0,0.0,0.0081879194647111,-0.3374496644311475,0.4322818791958641,0.0,0.0,0.2824161073835421,0.0,0.4178187919464448,0.0,0.0049664429514173,0.0,0.2555033557045726,-0.0126845637584096,0.0,0.0018791946308755,0.0667114093960806,0.0481208053708157,0.0075838926179987,0.2555033557045726,0.0,0.0,0.2555033557045726,0.3024832214764604,0.2085234899326848,0.0809395973166404,0.580134228188317,0.1875167785243288,0.0,0.0,0.0018791946308755,-0.0126845637584096,-0.0022147650996008,-0.0126845637584096,-0.0126845637584096,0.0,0.026778523489976,-0.3374496644311475,0.0,0.0,-0.0027516778518165,0.004630872482692,0.0,0.2555033557045726,0.0,-0.0049664429514173,0.0,-0.0027516778518165,0.0018791946308755
300,-0.3367511645985641,0.2612466441985235,0.0,0.0,-0.006322709063994,1.0,0.0066906974209096,0.2612466441985235,0.8344303289314576,0.0,0.0,0.0081626508540584,-0.3367511645985641,0.4316336174106695,0.0,0.0,0.2822303439844743,0.0,0.4172151644671004,0.0,0.006322709063994,0.0,0.2536861561120727,-0.0140170110994118,0.0,0.005988174191577,0.0665055323704258,0.0479723005125858,0.0075604880864508,0.2536861561120727,0.0,0.0,0.2536861561120727,0.5073723122214021,0.0,-0.1189606001569414,0.5807441728221282,0.1845377982577814,0.0,0.0,0.005988174191577,-0.0140170110994118,-0.006322709063994,-0.0140170110994118,-0.0140170110994118,0.0,0.233547156872117,-0.3367511645985641,0.0,0.2054796811887949,0.0,0.005988174191577,0.0,0.2536861561120727,0.0013715929714236,-0.006322709063994,0.0013715929714236,-0.0013715929714236,0.005988174191577
301,-0.3054038896663824,0.2472071630709299,0.0,0.0,-0.0965647944606486,1.0,0.0051569983685801,0.2472071630709299,0.8265379136061087,0.0916914310035033,0.0916914310035033,0.0062915380100906,-0.3054038896663824,0.4243822882885074,0.0,0.0,0.4009179457104107,0.0,0.4132689568030543,0.0,0.0965647944606486,0.0,0.2413797549138001,-0.1024953425855729,0.0,0.0963069445432767,0.0512605637887607,0.0369756783063138,0.0058274081571298,0.2413797549138001,0.0,0.0,0.2413797549138001,0.4827595098276002,0.0,0.0,0.5851581586923086,0.1880821767695559,0.0,0.0,0.0046155135397734,-0.1024953425855729,-0.0965647944606486,-0.1024953425855729,-0.1024953425855729,0.0,0.2258571898220482,-0.3054038896663824,0.0,0.112532150662457,0.0,0.0046155135397734,0.0,0.2413797549138001,0.0010571846656646,-0.0965647944606486,0.0010571846656646,-0.0010571846656646,0.0963069445432767
302,-0.3606381829085284,0.2719449056385192,0.0,0.0,-0.0074271286688386,1.0,0.007859395415226,0.2719449056385192,0.8404444488121021,0.0,0.0,0.0095884624072202,-0.3606381829085284,0.4371592215260242,0.0,0.0,0.261658921886949,0.0,0.4202222244044399,0.0,0.0074271286688386,0.0,0.2630637888183471,-0.0164654333979597,0.0,0.0070341588964661,0.0781223904350801,0.0563518651326484,0.1486211673183578,0.1233237383201613,0.1397400504981857,0.0,0.1233237383201613,0.3863875271385085,0.0,0.0,0.5773806599937551,0.042096886696228,0.0,0.0,0.0070341588964661,-0.0164654333979597,-0.0074271286688386,-0.0164654333979597,-0.0164654333979597,0.0,0.0996669581200088,-0.3606381829085284,0.0,0.0666967943500745,0.0,0.0070341588964661,0.1397400504981857,0.2630637888183471,0.0016111760602824,-0.0074271286688386,0.0016111760602824,-0.0016111760602824,0.0070341588964661
303,-0.3367511645985641,0.2612466441985235,0.0,0.0,-0.006322709063994,1.0,0.0066906974209096,0.2612466441985235,0.8344303289314576,0.0,0.0,0.0081626508540584,-0.3367511645985641,0.4316336174106695,0.0,0.0,0.2822303439844743,0.0,0.4172151644671004,0.0,0.006322709063994,0.0,0.2536861561120727,-0.0140170110994118,0.0,0.005988174191577,0.0665055323704258,0.0479723005125858,0.0075604880864508,0.2536861561120727,0.0,0.0,0.2536861561120727,0.3884117120672039,0.1189606001569414,0.0,0.5807441728221282,0.1845377982577814,0.0,0.0,0.005988174191577,-0.0140170110994118,-0.006322709063994,-0.0140170110994118,-0.0140170110994118,0.0,0.1145865567151756,-0.3367511645985641,0.0,0.0865190810318535,0.0,0.005988174191577,0.0,0.2536861561120727,0.0013715929714236,-0.006322709063994,0.0013715929714236,-0.0013715929714236,0.005988174191577
304,-0.3676977354781668,0.2751066622911203,0.0,0.0,-0.0077535280611237,1.0,0.0082047915974709,0.2751066622911203,0.8422218575661694,0.0,0.0,0.0100098457495872,-0.3676977354781668,0.4387922546758027,0.0,0.0,0.2555792582864484,0.0,0.4211109287814027,0.0,0.0077535280611237,0.0,0.265835247784969,-0.0171890383998973,0.0,0.0073432884795682,0.0815556284869343,0.0588283557595851,0.1903101411233532,0.0847965211677671,0.1810387266172019,0.0,0.0847965211677671,0.2905316704970568,0.0601000984590432,0.0952576304570654,0.5763866097812004,0.0,0.0,0.0,0.0073432884795682,-0.0171890383998973,-0.0077535280611237,-0.0171890383998973,-0.0171890383998973,0.0,0.0,-0.3676977354781668,0.0,-0.0344191007545862,0.0,0.0073432884795682,0.1810387266172019,0.265835247784969,0.0016819822776497,-0.0077535280611237,0.0016819822776497,-0.0016819822776497,0.0073432884795682
305,-0.3367511645985641,0.2612466441985235,0.0,0.0,-0.006322709063994,1.0,0.0066906974209096,0.2612466441985235,0.8344303289314576,0.0,0.0,0.0081626508540584,-0.3367511645985641,0.4316336174106695,0.0,0.0,0.2822303439844743,0.0,0.4172151644671004,0.0,0.006322709063994,0.0,0.2536861561120727,-0.0140170110994118,0.0,0.005988174191577,0.0665055323704258,0.0479723005125858,0.0075604880864508,0.2536861561120727,0.0,0.0,0.2536861561120727,0.2738251553492851,0.233547156872117,0.1145865567151756,0.5807441728221282,0.1845377982577814,0.0,0.0,0.005988174191577,-0.0140170110994118,-0.006322709063994,-0.0140170110994118,-0.0140170110994118,0.0,0.0,-0.3367511645985641,0.0,-0.0280674756833221,0.0,0.005988174191577,0.0,0.2536861561120727,0.0013715929714236,-0.006322709063994,0.0013715929714236,-0.0013715929714236,0.005988174191577
306,-0.3595052286548184,0.2714374902434346,0.0,0.0,-0.0318011549859379,1.0,0.0078039644131382,0.2714374902434346,0.8401592008740408,0.0244264086140825,0.0244264086140825,0.0095208365846685,-0.3595052286548184,0.4368971437474932,0.0,0.0,0.2870610270024409,0.0,0.4200796004354206,0.0,0.0318011549859379,0.0,0.2626190104556285,-0.0407757140626467,0.0,0.0314109567668808,0.077571406274273,0.0559544248476404,0.190783518026132,0.0806539722173026,0.1819650382383259,0.0,0.0806539722173026,0.3432729826761308,0.0,0.0676369595746522,0.5775401904152125,0.0,0.0,0.0,0.0069845481495987,-0.0407757140626467,-0.0318011549859379,-0.0407757140626467,-0.0407757140626467,0.0,0.0571640393334366,-0.3595052286548184,0.0,0.0,0.0,0.0069845481495987,0.1819650382383259,0.2626190104556285,0.0015998127048533,-0.0318011549859379,0.0015998127048533,-0.0015998127048533,0.0314109567668808
307,-0.3676977354781668,0.2751066622911203,0.0,0.0,-0.0077535280611237,1.0,0.0082047915974709,0.2751066622911203,0.8422218575661694,0.0,0.0,0.0100098457495872,-0.3676977354781668,0.4387922546758027,0.0,0.0,0.2555792582864484,0.0,0.4211109287814027,0.0,0.0077535280611237,0.0,0.265835247784969,-0.0171890383998973,0.0,0.0073432884795682,0.0815556284869343,0.0588283557595851,0.1903101411233532,0.0847965211677671,0.1810387266172019,0.0,0.0847965211677671,0.3506317689527362,0.0,0.0351575319980222,0.5763866097812004,0.0,0.0,0.0,0.0073432884795682,-0.0171890383998973,-0.0077535280611237,-0.0171890383998973,-0.0171890383998973,0.0,0.0601000984590432,-0.3676977354781668,0.0,0.0256809977010931,0.0,0.0073432884795682,0.1810387266172019,0.265835247784969,0.0016819822776497,-0.0077535280611237,0.0016819822776497,-0.0016819822776497,0.0073432884795682
308,-0.3676977354781668,0.2751066622911203,0.0,0.0,-0.0077535280611237,1.0,0.0082047915974709,0.2751066622911203,0.8422218575661694,0.0,0.0,0.0100098457495872,-0.3676977354781668,0.4387922546758027,0.0,0.0,0.2555792582864484,0.0,0.4211109287814027,0.0,0.0077535280611237,0.0,0.265835247784969,-0.0171890383998973,0.0,0.0073432884795682,0.0815556284869343,0.0588283557595851,0.1903101411233532,0.0847965211677671,0.1810387266172019,0.0,0.0847965211677671,0.324950771251643,0.0256809977010931,0.0608385297024792,0.5763866097812004,0.0,0.0,0.0,0.0073432884795682,-0.0171890383998973,-0.0077535280611237,-0.0171890383998973,-0.0171890383998973,0.0,0.0344191007545862,-0.3676977354781668,0.0,0.0,0.0,0.0073432884795682,0.1810387266172019,0.265835247784969,0.0016819822776497,-0.0077535280611237,0.0016819822776497,-0.0016819822776497,0.0073432884795682
309,-0.2674515498274211,0.2302094763496982,0.0,0.0,-0.2058214459566439,1.0,0.0033001394305597,0.2302094763496982,0.8169825175113653,0.2027028141941561,0.2027028141941561,0.0040261701055534,-0.2674515498274211,0.4156030592286065,0.0,0.0,0.5446137599311923,0.0,0.4084912587550061,0.0,0.2058214459566439,0.0,0.2264803187927598,-0.2096166063011111,0.0,0.2056564389844394,0.0328033859430111,0.0236619997194135,0.0037291575569384,0.2264803187927598,0.0,0.0,0.2264803187927598,0.4529606375868726,0.0,0.1440263351123092,0.5905021987172525,0.1923733777747451,0.0,0.0,0.0029536247902833,-0.2096166063011111,-0.2058214459566439,-0.2096166063011111,-0.2096166063011111,0.0,0.2165468991066396,-0.2674515498274211,0.0,0.0,0.0,0.0029536247902833,0.0,0.2264803187927598,0.0006765285833324,-0.2058214459566439,0.0006765285833324,-0.0006765285833324,0.2056564389844394
310,-0.3367511645985641,0.2612466441985235,0.0,0.0,-0.006322709063994,1.0,0.0066906974209096,0.2612466441985235,0.8344303289314576,0.0,0.0,0.0081626508540584,-0.3367511645985641,0.4316336174106695,0.0,0.0,0.2822303439844743,0.0,0.4172151644671004,0.0,0.006322709063994,0.0,0.2536861561120727,-0.0140170110994118,0.0,0.005988174191577,0.0665055323704258,0.0479723005125858,0.0075604880864508,0.2536861561120727,0.0,0.0,0.2536861561120727,0.3018926310326072,0.2054796811887949,0.0865190810318535,0.5807441728221282,0.1845377982577814,0.0,0.0,0.005988174191577,-0.0140170110994118,-0.006322709063994,-0.0140170110994118,-0.0140170110994118,0.0,0.0280674756833221,-0.3367511645985641,0.0,0.0,0.0,0.005988174191577,0.0,0.2536861561120727,0.0013715929714236,-0.006322709063994,0.0013715929714236,-0.0013715929714236,0.005988174191577
